"City Id","City name","Total Users",Percentage
28,Lucknow,881,2.68
29,Ghaziabad,663,2.01
18231,"Gautam Buddh Nagar",530,1.61
127,Patna,495,1.50
18220,"Kanpur Nagar",432,1.31
33,Prayagraj,430,1.31
32,Varanasi,418,1.27
93,Indore,416,1.26
31,Meerut,415,1.26
35,Aligarh,379,1.15
94,Bhopal,358,1.09
36,Moradabad,352,1.07
17521,Congratulate,323,0.98
38,Gorakhpur,312,0.95
716,Agraula,302,0.92
23,Gurugram,277,0.84
37,Saharanpur,268,0.81
43,Mathura-Vrindavan,261,0.79
42,Muzaffarnagar,246,0.75
18283,Gurgaon,233,0.71
81,Bijnor,219,0.67
96,Gwalior,219,0.67
194,Faridabad,207,0.63
17409,Suratganj,202,0.61
34,Bareilly,196,0.60
40,Firozabad,196,0.60
18858,"Indore District",191,0.58
95,Jabalpur,190,0.58
64,Unnao,189,0.57
65,Jaunpur,187,0.57
236,Rewari,180,0.55
46,Shahjahanpur,174,0.53
80,Azamgarh,172,0.52
131,Muzaffarpur,172,0.52
20,Pune,171,0.52
98,Ujjain,169,0.51
18417,"Lakhimpur Kheri",165,0.50
757,Hisar,162,0.49
61,Sitapur,160,0.49
728,Rohtak,158,0.48
1086,Ludhiana,158,0.48
17600,"Panipat Taraf Makhdum Zadgan",156,0.47
41,Jhansi,153,0.46
281,Dehradun,151,0.46
1051,Dhanbad,150,0.46
411,Haridwar,147,0.45
16069,Rampura,146,0.44
57,Hardoi,144,0.44
70,Barabanki,144,0.44
18345,Bulandshahar,141,0.43
15500,Thanesar,141,0.43
15842,Karnal,139,0.42
17210,Amroha,139,0.42
27,Kanpur,137,0.42
6356,Jaipur,136,0.41
406,"New Delhi",135,0.41
67,Hathras,134,0.41
16681,"Mumbai Suburban",133,0.40
129,Bhagalpur,132,0.40
47,Farrukhabad-cum-Fategarh,129,0.39
18422,Gonda,127,0.39
18892,"Bareilly District",126,0.38
16072,Samastipur,122,0.37
18285,Gaya,122,0.37
15564,Kushinagar,121,0.37
18332,Vaishali,120,0.36
99,Dewas,120,0.36
54,Bulandshahr,119,0.36
18804,"Faridabad District",119,0.36
76,Deoria,118,0.36
78,Ghazipur,118,0.36
132,Darbhanga,117,0.36
18451,Pratapgarh,116,0.35
18147,Sarangpur,115,0.35
1,Ahmedabad,114,0.35
136,Katihar,113,0.34
135,Begusarai,113,0.34
18363,Sonepat,112,0.34
383,"Shamli Rural",111,0.34
53,Mirzapur-cum-Vindhyachal,110,0.33
156,Ranchi,109,0.33
18263,"East Singhbhum",108,0.33
51,Ayodhya,108,0.33
18599,"Fatehpur Sikri",107,0.33
1271,"Ambala Cantt",107,0.33
18242,Dharwad,107,0.33
75,Etah,106,0.32
4288,Jhajjar,106,0.32
103,Sagar,103,0.31
18329,"North West Delhi",103,0.31
1024,Sonipat,103,0.31
16252,Kannauj,101,0.31
73,Mainpuri,101,0.31
50,Hapur,101,0.31
86,Ballia,101,0.31
55,Sambhal,100,0.30
101,Ratlam,99,0.30
18301,"West Delhi",99,0.30
52,Etawah,97,0.29
378,Haryana,97,0.29
16416,Siwani,97,0.29
17399,sirsali,97,0.29
6538,Chandauli,96,0.29
9086,Bastiya,96,0.29
18321,"Udham Singh Nagar",96,0.29
69,Pilibhit,96,0.29
18322,Shahdara,95,0.29
15811,Jindaur,94,0.29
18313,"Ambedkar Nagar",93,0.28
18258,Nalanda,93,0.28
18374,"East Delhi",93,0.28
18522,Jalaun,93,0.28
18326,Siddharthnagar,91,0.28
14,Rajkot,90,0.27
18367,Badaun,90,0.27
18324,"South East Delhi",89,0.27
130,Purnia,89,0.27
17494,"Sultanpur Viran",88,0.27
18325,"Central Delhi",88,0.27
15649,"Sahibzada Ajit Singh Nagar",88,0.27
16950,"Mauzampur Chhajju",86,0.26
68,Banda,85,0.26
18288,"North East Delhi",85,0.26
18834,"Ranchi District",84,0.26
17677,Maharajganj,83,0.25
12881,Gopalganj,80,0.24
16535,Araria,80,0.24
16260,Madhubani,78,0.24
115,Khargone,78,0.24
16202,Raisen,77,0.23
108,Chhindwara,77,0.23
18521,"Aurangabad district",77,0.23
16750,Mahendragarh,75,0.23
111,Vidisha,75,0.23
18381,Kaushambi,75,0.23
15784,Alwar,73,0.22
151,Sitamarhi,73,0.22
16172,Palwalrural,73,0.22
18358,"North Delhi",72,0.22
15925,Kurukshetra,72,0.22
18424,Rohtas,71,0.22
370,Rajgarh,71,0.22
18244,"Kanpur Dehat",71,0.22
12117,Giridih,70,0.21
18373,"South West Delhi",69,0.21
120,Sehore,67,0.20
16851,Satnag,67,0.20
15662,Auraiya,66,0.20
114,Mandsaur,66,0.20
15522,Shajapur,66,0.20
15840,Kaithal,66,0.20
44,Budaun,65,0.20
18027,"Bhojpur Taga",65,0.20
9120,"Amethi Kohna",65,0.20
15948,"Gunaura Vajidpur",65,0.20
16652,Balrampur,65,0.20
18273,"Purvi Champaran",64,0.19
15425,Hamirpur,64,0.19
16571,Fatehabad,62,0.19
18441,Hoshangabad,62,0.19
4468,Hazaribagh,61,0.19
17382,Raipura,61,0.19
122,Betul,61,0.19
5294,Roorkee,60,0.18
74,Lalitpur,60,0.18
18692,"Bahraich District",59,0.18
18384,Sonbhadra,58,0.18
39,Noida,58,0.18
112,Chhatarpur,58,0.18
19013,"East Champaran",57,0.17
18172,Palamu,56,0.17
121,Morena[2],56,0.17
17483,"Khandwa Taraf Kumbhi",55,0.17
15423,"Yamuna Nagar",55,0.17
13705,Panchkula,54,0.16
17929,Bharatpura,54,0.16
16446,Supaul,54,0.16
16016,"Bokaro Thermal",53,0.16
16278,Khagaria,53,0.16
62,Bahraich,53,0.16
18292,"Rae Bareli",52,0.16
137,Munger,52,0.16
16264,Deoghar,52,0.16
18305,Bagpat,52,0.16
19001,"Bengaluru Urban",51,0.15
18297,Palghar,51,0.15
18222,"Ranga Reddy",51,0.15
25,Hyderabad,51,0.15
13602,"Baghpat Rural Hamedabad Mill",50,0.15
59,Raebareli,50,0.15
18411,Kaimur,50,0.15
18331,"South Delhi",49,0.15
18616,"Sant Kabir Nagar",49,0.15
18344,"Bangalore Urban",49,0.15
1332,Nagpur,49,0.15
147,Nawada,48,0.15
576,Narsinghpur,48,0.15
11712,"Bankatwa Maholi",47,0.14
15429,Nainital,46,0.14
141,Saharsa,45,0.14
16246,Ramgarhwa,44,0.13
210,Jamshedpur,43,0.13
17275,Lakhisarai,43,0.13
97,Katni,43,0.13
88,"Greater Noida",42,0.13
116,Neemuch,42,0.13
9049,Balaghat,42,0.13
1223,Patiala,41,0.12
4050,Amritsar,41,0.12
22,Delhi,41,0.12
105,Burhanpur,40,0.12
18737,"West Champaran",40,0.12
17647,Bhiwani,39,0.12
15387,Nashik,39,0.12
18568,"Pashchim Champaran",39,0.12
16794,Durgapur,39,0.12
18357,"Shivpuri Timaruwa",38,0.12
15744,Seonipal,38,0.12
19093,Rangareddy,37,0.11
18365,Madhepura,37,0.11
18378,Solan,37,0.11
150,Kishanganj,36,0.11
15675,Jodhpuria,36,0.11
18950,Yamunanagar,36,0.11
4,Vadodara,36,0.11
438,Panipat,35,0.11
15450,Jalandhar,35,0.11
16842,"Bhadohi Nagar Palika",35,0.11
15479,Jamui,34,0.10
113,Damoh,34,0.10
15663,Shahdol,34,0.10
18475,Raigad,34,0.10
980,Chandigarh,34,0.10
1358,Bhindaulia,34,0.10
18505,"Kanshi Ram Nagar",33,0.10
158,kolkata,33,0.10
272,Barwani,32,0.10
18490,Singrauli,32,0.10
8958,Ashoknagar,32,0.10
16240,Hoshiarpur,31,0.09
18444,Valsad,31,0.09
15845,Nizamabad,31,0.09
18456,Chitrakoot,30,0.09
18338,Ahmednagar,30,0.09
17245,"Bilaspur Kalan",29,0.09
18567,"Seraikela Kharsawan",29,0.09
18510,"North 24 Parganas",28,0.09
16978,Bharuch,28,0.09
18302,Mewat,28,0.09
18409,"St. Ravidas Nagar",28,0.09
16303,Tikamgarh,27,0.08
17108,Sahibganj,27,0.08
15397,Harda,26,0.08
149,Steam,26,0.08
16499,Chatra,26,0.08
16691,Coimbatore,26,0.08
17818,Garhwana,26,0.08
18562,Godda,25,0.08
19019,Kachchh,25,0.08
18627,Banaskantha,25,0.08
18741,Ajmer,25,0.08
19420,"Ahmedabad District",25,0.08
18577,Gandhinagar,24,0.07
124,Datia,24,0.07
15956,Nuh,24,0.07
18440,Koderma,24,0.07
18513,Jehanabad,24,0.07
15514,Sangrur,24,0.07
778,Dumka,23,0.07
749,Raipur,22,0.07
92,Kasganj,22,0.07
504,Sheikhpura,22,0.07
15801,Tiruppur,22,0.07
17641,Jalgaon,22,0.07
15492,Bathinda,21,0.06
162,Morbi,21,0.06
16859,Panna,21,0.06
4218,Mandla,21,0.06
26,Chennai,21,0.06
1246,"Fatehgarh Sahib",21,0.06
19116,"Mumbai City",21,0.06
18290,Janjgir-Champa,20,0.06
19,Mumbai,20,0.06
155,Bengaluru,20,0.06
7,Bhavnagar,20,0.06
16318,Hanumangarh,19,0.06
18113,Kotawari,19,0.06
16374,Bikaner,19,0.06
18466,Malappuram,19,0.06
18670,"Sri Ganganagar",19,0.06
18469,Mahoba,19,0.06
18450,Shrawasthi,19,0.06
18888,"Mahoba District",18,0.05
18786,Jamnagar,18,0.05
16659,Anandpur,18,0.05
16913,Howrah,18,0.05
18453,Tiruvallur,17,0.05
18744,Raigarh,17,0.05
18651,Mehsana,17,0.05
19411,"Madhubani Block",17,0.05
18232,Churu,17,0.05
18446,Solapur,17,0.05
19445,"Hisar Tehsil",17,0.05
18477,Jhunjhunu,17,0.05
17281,Sheopur,17,0.05
18551,Jhalawar,17,0.05
18985,Kancheepuram,16,0.05
17949,Gumla,16,0.05
18467,"West Singhbhum",16,0.05
16182,Medak,16,0.05
18787,"South 24 Parganas",16,0.05
3117,Junagadh,16,0.05
133,"Bihar Sharif",16,0.05
18611,Fazilka,16,0.05
18593,Kapurthala,15,0.05
18486,Chittoor,15,0.05
1386,Bahadurgarh,15,0.05
18658,Kolhapur,15,0.05
17769,Khedawada,14,0.04
17024,Bardhaman,14,0.04
18991,Shravasti,14,0.04
16701,Udaipur,14,0.04
18540,"Kamrup Metropolitan",14,0.04
15634,Arwaliya,14,0.04
9962,Amravati,14,0.04
63,Modinagar,14,0.04
18499,Surguja,13,0.04
18700,Sundargarh,13,0.04
18731,Murshidabad,13,0.04
165,Atmakur,13,0.04
66,Lakhimpur,13,0.04
19011,"Purba Bardhaman",13,0.04
18652,Satara,13,0.04
16099,"Jashpur Nagar",13,0.04
18720,Rajnandgaon,13,0.04
18748,"North Goa",13,0.04
5962,Ernakulam,13,0.04
18626,Bhilwara,13,0.04
18472,Khammam,13,0.04
15995,Jamtara,13,0.04
18620,Sidhi,12,0.04
18764,Yavatmal,12,0.04
18194,Umaria,12,0.04
18689,Kangra,12,0.04
18673,Hooghly,12,0.04
18543,Latehar,12,0.04
3529,"Salempur Mahdood",12,0.04
18646,"Tehri Garhwal",12,0.04
18712,Amreli,12,0.04
6598,Sikar,12,0.04
16200,Karimnagar,11,0.03
18665,Khordha,11,0.03
18403,"Pauri Garhwal",11,0.03
15766,Jagadhri,11,0.03
18587,Pakur,11,0.03
15550,Cured,11,0.03
5467,Hassanpur,11,0.03
243,"Bokaro Steel City",11,0.03
981,Paliganj,11,0.03
100,Satna,11,0.03
18713,Akola,11,0.03
18317,Prakasam,10,0.03
18680,Guntur,10,0.03
17610,"Krishnapur Tala",10,0.03
18763,Sheohar,10,0.03
18390,Kanchipuram,10,0.03
18635,Malda,10,0.03
18681,Rajsamand,10,0.03
18650,"I can",10,0.03
3029,Alirajpur,10,0.03
18666,Birbhum,10,0.03
18705,Lohardaga,10,0.03
18736,Dhule,10,0.03
17699,Jhabua,10,0.03
18674,Mahabubnagar,10,0.03
85,Akbarpur,10,0.03
17621,Sicaria,10,0.03
15790,Bhiwadi,10,0.03
18953,Korba,10,0.03
15816,"Charkhi Dadri",10,0.03
18573,Wardha,10,0.03
18789,Chamoli,10,0.03
18046,"Shimla Ther",10,0.03
18330,Gurdaspur,10,0.03
161,Style,10,0.03
18777,Mahasamund,9,0.03
18779,Surendranagar,9,0.03
126,Dindori,9,0.03
106,Khandwa,9,0.03
18688,Mansa,9,0.03
18600,Baran,9,0.03
17029,Agarpur,9,0.03
18585,Faridkot,9,0.03
15873,Chandrapur,9,0.03
18653,"Dakshina Kannada",9,0.03
17046,Beeda,9,0.03
18586,Barmer,9,0.03
18656,Karauli,9,0.03
48,"Faizabad and Ayodhya",9,0.03
17618,Nanded-Waghala,9,0.03
17007,"Fatehpur Roshanai",9,0.03
18659,"Dadra and Nagar Haveli",9,0.03
18628,"YSR District",9,0.03
16936,Udapura,9,0.03
18610,Almora,9,0.03
18699,"Dausa Banjarpur",9,0.03
19398,Yeida,8,0.02
18881,Patan,8,0.02
18701,"Bangalore Rural",8,0.02
18836,Latur,8,0.02
18851,Kottayam,8,0.02
18809,Nagaur,8,0.02
18717,Nalgonda,8,0.02
140,Bettiah,8,0.02
16180,Chittorgarh,8,0.02
18721,Jalore,8,0.02
18032,Pathankot,8,0.02
110,Shivpuri,8,0.02
18676,Mysuru,8,0.02
18739,"Uttar Dinajpur",8,0.02
18327,Anuppur,8,0.02
18876,Krishnagiri,8,0.02
18831,Nagaon,8,0.02
18660,Sangli,8,0.02
18832,Jalna,8,0.02
18632,Ferozepur,7,0.02
15998,"Navi Mumbai",7,0.02
18819,"South Goa",7,0.02
18362,"Shaheed Bhagat Singh Nagar",7,0.02
18667,Navsari,7,0.02
117,Pithampur,7,0.02
18783,Purulia,7,0.02
15810,"Surajpur Nisfi",7,0.02
18824,Bukhar,7,0.02
18622,Kasaragod,7,0.02
18489,Kutch,7,0.02
10387,"Raghunathpur Imadpur",7,0.02
171,Plant,7,0.02
142,Hajipur,7,0.02
18640,Dhaulpur,7,0.02
19077,Rudraprayag,7,0.02
154,Aurangabad,7,0.02
5574,Sirsala,7,0.02
18607,Udupi,7,0.02
18754,Darjeeling,7,0.02
18497,Barnala,7,0.02
18576,Adilabad,7,0.02
18383,Dhamtari,7,0.02
645,Dharuhera,6,0.02
18742,"Sri Potti Sriramulu Nellore District",6,0.02
19087,Kalaburagi,6,0.02
11849,"Firozpur Jhirka",6,0.02
2789,Shikarpur,6,0.02
798,Narnaul,6,0.02
1372,"Tundla Kham",6,0.02
166,Masanpalle,6,0.02
16811,Gondia,6,0.02
1320,Bankura,6,0.02
18685,Pithoragarh,6,0.02
19059,Dholpur,6,0.02
167,Mature,6,0.02
18621,Bijapur,6,0.02
19163,Bundi,6,0.02
19264,Sabarkantha,6,0.02
18870,Ramanagara,6,0.02
18518,Bastar,6,0.02
18841,"East Godavari",6,0.02
18520,Kozhikode,6,0.02
84,Chandausi,6,0.02
18696,Panchmahal,6,0.02
18548,Khunti,6,0.02
16984,Shahpura[Gogaon],6,0.02
16902,"Mandi Gobindgarh",6,0.02
18802,Kannur,6,0.02
473,Narwana,6,0.02
15647,Vrindavan,6,0.02
8737,"Rudrapur Bisen",6,0.02
19082,Simdega,6,0.02
746,Kashipur,6,0.02
18679,Belagavi,5,0.02
16696,God,5,0.02
18648,Chamba,5,0.02
19053,Dungarpur,5,0.02
19372,"Agar Malwa",5,0.02
18634,Vellore,5,0.02
1048,Dhampur,5,0.02
18867,"Sawai Madhopur",5,0.02
1255,"Padariya Sarangpur Ryt.",5,0.02
18435,Vishakhapatnam,5,0.02
79,Sultanpur,5,0.02
19407,"Baloda Bazar",5,0.02
17374,"on your fingers",5,0.02
18638,Thiruvananthapuram,5,0.02
19331,"Tehsil Sirsa",5,0.02
15909,open,5,0.02
18196,Karimganj,5,0.02
18812,Dharmapuri,5,0.02
18749,Jharsuguda,5,0.02
18604,"Sri Muktsar Sahib",5,0.02
19177,Parbhani,5,0.02
18738,Raichur,5,0.02
19334,Medchal-Malkajgiri,5,0.02
295,Mubarakpur,5,0.02
466,Baddiha,5,0.02
60,Weather,5,0.02
175,"Mountain View",5,0.02
18842,Ganjam,5,0.02
784,Bihat-IV,5,0.02
18724,Warangal,5,0.02
16232,Tonki,5,0.02
18788,Madurai,5,0.02
18830,Buldhana,5,0.02
15576,Dabra,5,0.02
15962,Sikandrabad,5,0.02
15924,Mughalsarai,5,0.02
19193,Mayurbhanj,5,0.02
16093,cheap,5,0.02
10470,"Ganj Basoda",5,0.02
1561,Khekra,5,0.02
16281,Muradnagar,5,0.02
16021,"Raipur Nayakheda",5,0.02
15590,"Samaspur Halor",4,0.01
16154,"Khanpur Pakri",4,0.01
18615,Dindigul,4,0.01
19286,"Sub Tehsil Kanina",4,0.01
3202,"Rampur Kala",4,0.01
18715,Jalpaiguri,4,0.01
13529,Rishikesh,4,0.01
18848,Balasore,4,0.01
9189,Mustafabad,4,0.01
18504,Rupnagar,4,0.01
18578,Nandurbar,4,0.01
2025,age,4,0.01
16384,Dhanaura,4,0.01
16167,"Atrauli Patti Sher Singh",4,0.01
18822,Gadag,4,0.01
18531,Kullu,4,0.01
19448,Dhubri,4,0.01
18636,Ratnagiri,4,0.01
18782,Bidar,4,0.01
1229,Bharthana,4,0.01
18853,Sonitpur,4,0.01
3224,"Kosi Kalan",4,0.01
19234,"Purba Medinipur",4,0.01
18637,Kollam,4,0.01
18747,Daman,4,0.01
15785,"Hasanpur Mu.Alinagar",4,0.01
18537,Kurnool,4,0.01
16028,"Initial Hall",4,0.01
19239,"Tehsil Hansi",4,0.01
12125,Pipariya,4,0.01
58,Fatehpur,4,0.01
5565,Vijayapura,4,0.01
502,Biaora,4,0.01
975,Haldwani,4,0.01
8228,Rath,4,0.01
109,Guna,4,0.01
15888,Khairabad,4,0.01
7208,Constructions,4,0.01
14521,"Rampur Naikin",4,0.01
8730,Madhupur,4,0.01
19246,"Paschim Medinipur",4,0.01
49,"Maunath Bhanjan",4,0.01
13648,Kalyanpur,4,0.01
18677,Sirmaur,4,0.01
16553,"Tikri Rural",4,0.01
15779,Amber,4,0.01
134,Arrah,4,0.01
18550,Anantapuram,4,0.01
6067,Zirakpur,4,0.01
15719,Matanhail,4,0.01
18845,Gadchiroli,4,0.01
9145,Shahbad,4,0.01
18629,Osmanabad,4,0.01
2645,Bhilai,4,0.01
18356,Bellary,4,0.01
12970,Jwalapur,4,0.01
15682,Ganaur,4,0.01
4710,Chapra,3,0.01
512,baby,3,0.01
13,Nadiad,3,0.01
436,Bihta,3,0.01
18833,"West Godavari",3,0.01
15636,charcoal,3,0.01
1252,Samalkha,3,0.01
17958,Pataudi,3,0.01
6075,Surakhedi,3,0.01
19213,Koppal,3,0.01
148,"They give",3,0.01
15999,Jammu,3,0.01
89,Seehabad,3,0.01
18793,Kendujhar,3,0.01
19297,"Majhaulia Block",3,0.01
3203,Rajpura,3,0.01
6139,"Noorpur Dehat",3,0.01
15858,Locker,3,0.01
16735,Islampur,3,0.01
14644,Lakhanpur,3,0.01
5676,anxiety,3,0.01
12839,"Kamalpur Kajee",3,0.01
527,Cairns,3,0.01
959,Begumganj,3,0.01
5241,Sahaspur,3,0.01
18883,"Dakshin Dinajpur",3,0.01
18702,Chitradurga,3,0.01
13240,"Nala Sopara",3,0.01
16990,city,3,0.01
19301,Bageshwar,3,0.01
359,Jaspur,3,0.01
768,"Megh Nagar",3,0.01
15918,Dhanauri,3,0.01
17090,"growing up",3,0.01
13795,"Thiriya Nizawat Khan",3,0.01
16823,Paharpur,3,0.01
19351,"East Khasi Hills",3,0.01
16274,Jalalabad,3,0.01
15376,Carnival,3,0.01
775,Baberu,3,0.01
15400,Piprahi,3,0.01
821,Durg,3,0.01
18582,Idukki,3,0.01
18706,"West Tripura",3,0.01
591,Nayagaon,3,0.01
18811,Thrissur,3,0.01
15071,Medininagar,3,0.01
10615,Kaliana,3,0.01
19167,Ballari,3,0.01
4554,Jind,3,0.01
19488,Kamareddy,3,0.01
15861,"they know",3,0.01
2845,"Bhagwanpur Vilaspur",3,0.01
19069,Banswara,3,0.01
152,Jamalpur,3,0.01
15316,Dongargaon,3,0.01
2069,"Balua Bhawani Baksasingh",3,0.01
15378,Champawat,3,0.01
11683,Hodal,3,0.01
16309,Birpur,3,0.01
3034,Tarkhad,3,0.01
5953,swelling,3,0.01
19108,"Gir Somnath",3,0.01
16205,Dasna,3,0.01
595,Gharaunda,3,0.01
18624,"Nawalparasi West Of Bardaghat Susta",3,0.01
9583,Sironj,3,0.01
428,Chibramau,3,0.01
82,Sahaswan,3,0.01
174,Jalalpur,3,0.01
19435,Jaisalmer,3,0.01
15959,Deoband,3,0.01
5566,Nissing,3,0.01
783,Faridpur,3,0.01
15511,Dyalpura,3,0.01
19387,"Cooch Behar",3,0.01
14692,"Manpuria Delel",3,0.01
17701,Bhatpura,3,0.01
18605,Dhenkanal,3,0.01
19272,"Nautan Block",3,0.01
14156,Jaitpur,3,0.01
18800,Cachar,3,0.01
18859,Thanjavur,3,0.01
144,Dehri,3,0.01
19389,"Paschim Bardhaman",3,0.01
16637,Amarpatan,3,0.01
19340,Malkangiri,3,0.01
16565,"Bond Remainder",3,0.01
6941,Garoth,3,0.01
8245,"Shahpur Ganga",3,0.01
7218,"Kotwal Alampur",3,0.01
786,Kota,3,0.01
145,Siwan,3,0.01
3540,Thane,3,0.01
16768,Bhiwandi,3,0.01
18725,Bhandara,3,0.01
1205,Shampur,3,0.01
434,Bhanpura,3,0.01
16130,Pundri,3,0.01
19276,Angul,3,0.01
299,Love,3,0.01
16431,female,3,0.01
3184,Silani,3,0.01
19314,"Bhitaha Block",3,0.01
388,Gauradanda,3,0.01
1312,Ravali,3,0.01
18678,Shimoga,3,0.01
146,Motihari,3,0.01
17972,"Tapin North",3,0.01
11003,Grandma,3,0.01
15552,Budhana,3,0.01
19199,"Korea District",3,0.01
19249,Porbandar,3,0.01
18878,Dhalai,3,0.01
15671,"Maheva Chak-3",3,0.01
17519,Pilkhuwa,3,0.01
18647,Hingoli,3,0.01
19046,Sirohi,3,0.01
1361,Bilaspur,3,0.01
1251,Misrikh-cum-Neemsar,3,0.01
15792,Ashta,3,0.01
19371,Pathanamthitta,3,0.01
19123,Kalahandi,3,0.01
18864,Dimapur,2,0.01
9309,Country,2,0.01
16808,"Marhar Mau Kala",2,0.01
17507,Bhelsi,2,0.01
15396,Sona,2,0.01
16143,"Dabwali bath",2,0.01
9963,Bandhapali,2,0.01
15804,Bhiladiya,2,0.01
16369,Children,2,0.01
16963,Jaswadi,2,0.01
18730,Erode,2,0.01
942,Karaudhna,2,0.01
15553,Bali,2,0.01
17127,Susnilewa,2,0.01
19252,Tiruvarur,2,0.01
1214,"Muradabad kalan",2,0.01
718,"Arazi Navbarar Karkhiya Kit",2,0.01
16531,Salaiatanr,2,0.01
12298,Alampur,2,0.01
18792,Kailali,2,0.01
19344,Jagtial,2,0.01
17430,Dadra,2,0.01
16084,"Jhumri Telaiya",2,0.01
868,Jhalu,2,0.01
8968,sail,2,0.01
9059,Ghatwasan,2,0.01
19421,"Uttar Bastar Kanker",2,0.01
19446,Aravalli,2,0.01
16433,Casson,2,0.01
15685,Mankapur,2,0.01
15420,Phulpur,2,0.01
12641,Thadod,2,0.01
16580,"Of course",2,0.01
19136,Dahod,2,0.01
17721,department,2,0.01
18866,Barpeta,2,0.01
7445,Sujro,2,0.01
15591,Sinder,2,0.01
19319,Bagalkot,2,0.01
14643,Madarpur,2,0.01
17783,Unwal,2,0.01
16261,Mungeli,2,0.01
12836,Binauli,2,0.01
15626,barse,2,0.01
16964,Kesharipur,2,0.01
15928,Seohara,2,0.01
16120,baldeota,2,0.01
997,"Sumal Khera",2,0.01
16710,Bamora,2,0.01
719,Pathardih,2,0.01
125,nagda,2,0.01
19347,Bazar,2,0.01
5760,Allahabad,2,0.01
16085,Jharia,2,0.01
19055,Tumakuru,2,0.01
10319,Deoran,2,0.01
16272,Kantaphod,2,0.01
872,"Amwa Deoria",2,0.01
13095,example,2,0.01
3949,"Abdulla Nagar Dahana",2,0.01
18908,"Sangareddy District",2,0.01
8452,Jariya,2,0.01
16759,Riyadh,2,0.01
15917,Kushwar,2,0.01
18716,Chikballapur,2,0.01
18075,"Moth Karnail Shab",2,0.01
16687,Khagawal,2,0.01
16036,"Manpura Myapur",2,0.01
17741,"Bela Pratapgarh",2,0.01
19485,Rautahat,2,0.01
16145,enough,2,0.01
15966,"Gaziapur T. Harpur",2,0.01
19321,Boudh,2,0.01
15699,"Gosain Chhapra",2,0.01
16262,Jasalpur,2,0.01
15517,Barhampur,2,0.01
17695,Rajkhedi,2,0.01
15627,"Dongra Ahir",2,0.01
11660,Dalsinghsarai,2,0.01
16306,Jungia,2,0.01
9610,Mendu,2,0.01
16346,"Katka Manapur",2,0.01
18334,Palakkad,2,0.01
15532,Tajnagar,2,0.01
17707,Sengarai,2,0.01
15638,Bhurkunda,2,0.01
16977,Mahmoodpur,2,0.01
16724,"Bhisi Jargaon",2,0.01
16437,Rajwara,2,0.01
18909,Balia,2,0.01
139,Danapur,2,0.01
19380,Shivamogga,2,0.01
15027,"Taufir Maharajganj",2,0.01
923,Kanupur,2,0.01
19232,Tiruvannamalai,2,0.01
18868,Alipurduar,2,0.01
12123,Janipur,2,0.01
2826,Haziyapur,2,0.01
16919,Chittaranjan,2,0.01
16450,"On the way",2,0.01
19009,"Gaunaha Block",2,0.01
15700,Kathai,2,0.01
15433,"Mad Kheda",2,0.01
532,Sadatpur,2,0.01
15738,Deoguradia,2,0.01
18733,"Karbi Anglong",2,0.01
16895,"Mira Bhayandar",2,0.01
16425,Bakhtiyarpur,2,0.01
3030,Dhanpur,2,0.01
15978,Turkish,2,0.01
18533,Nayagarh,2,0.01
5852,"Gehun Kheda",2,0.01
17569,"Kheri Jattan",2,0.01
19103,Noah,2,0.01
19426,"Tehsil Safidon",2,0.01
590,Ambala,2,0.01
9262,madhopur,2,0.01
15471,"If you know",2,0.01
18003,"Ganeshpur Rahmanpur",2,0.01
11851,Bhojpur,2,0.01
18766,Gulbarga,2,0.01
18917,Jajpur,2,0.01
1264,Hirapur,2,0.01
18810,Tinsukia,2,0.01
487,Sarabe,2,0.01
16285,Drums,2,0.01
15558,Akodha,2,0.01
213,Rehli,2,0.01
18869,Koraput,2,0.01
12124,reengagement,2,0.01
15774,sorry,2,0.01
16920,Waidhan,2,0.01
17173,Sangramgarh,2,0.01
45,Rampur,2,0.01
17218,Amilia,2,0.01
16596,"Rampur Khurd",2,0.01
15315,"Kaithauliya Rahra",2,0.01
16112,Sumerpur,2,0.01
16714,"Barhaya Buzurg",2,0.01
14135,parsaun,2,0.01
9748,E.Saren,2,0.01
15676,"Mhow Gaon",2,0.01
15607,Shujalpur,2,0.01
18143,Kapriwas,2,0.01
19352,"Deo Block",2,0.01
16942,Urination,2,0.01
17069,"Jang Bahadur Ganj",2,0.01
19105,Bidupur,2,0.01
16388,supported,2,0.01
18854,Chittaurgarh,2,0.01
9263,Narayanpur,2,0.01
17501,"Jui Khurd",2,0.01
15472,"Mawana Kalan",2,0.01
16992,Ghoriya,2,0.01
368,Saifni,2,0.01
5519,Sarah,2,0.01
15689,Bhagotipur,2,0.01
15798,top,2,0.01
16361,"Dera Bassi",2,0.01
15992,Sister,2,0.01
488,"Jasauli Pakauli",2,0.01
17813,Patwania,2,0.01
704,Torah,2,0.01
118,Narmadapuram,2,0.01
15775,Killa-pardi,2,0.01
426,Daiwghat,2,0.01
17938,Bilaunji,2,0.01
16375,"Baghi Deoraj",2,0.01
18826,Mandya,2,0.01
16597,"Miss Grameen",2,0.01
16159,Dhunela,2,0.01
15715,"Bibipur Jalalabad",2,0.01
1460,"Rasulpur Marhi",2,0.01
18840,"Tarn Taran",2,0.01
18603,"Al Majmaah",2,0.01
9264,Janakpur,2,0.01
17248,Vikrampur,2,0.01
1132,Pratapganj,2,0.01
19462,Subarnapur,2,0.01
626,"Lakha Pur",2,0.01
16620,"Come back",2,0.01
17155,Palace,2,0.01
9939,customers,2,0.01
15993,Sihora,2,0.01
17454,Lohraura,2,0.01
17966,Lathgaon,2,0.01
6173,as,2,0.01
932,Bunny,2,0.01
193,Meh,2,0.01
19240,Ramanathapuram,2,0.01
16415,"Money Fish",2,0.01
18871,Nalbari,2,0.01
1196,"Khijarpur Ahir",2,0.01
708,Amarpur,2,0.01
17004,Baluan,2,0.01
15402,Pabra,2,0.01
119,Itarsi,2,0.01
12126,decline,2,0.01
17424,Haileymandi,2,0.01
16266,Bhaisamau,2,0.01
15898,Saraiya,2,0.01
15524,Kurni,2,0.01
16669,Hastinapur,2,0.01
15436,"Gopalpur Pardandi",2,0.01
8848,law,2,0.01
15812,Nanpara,2,0.01
3634,"Wonder Bali",2,0.01
17220,Bhool,2,0.01
16195,"Aliganj Benazeer",2,0.01
16598,Dinpur,2,0.01
6549,Think,2,0.01
16114,Mohiuddinpur,2,0.01
19270,Sambalpur,2,0.01
15981,Dholagarh,2,0.01
460,Jagadispur,2,0.01
16575,Bermo,2,0.01
15910,Ellenabad,2,0.01
18709,Kanchanpur,2,0.01
16390,Harhua,2,0.01
15644,mansion,2,0.01
16791,"Nangal Pipa",2,0.01
9270,"Pratappur Chergarh",2,0.01
1142,Sadikpur,2,0.01
16728,big,2,0.01
17292,dates,2,0.01
16256,Shahpura,2,0.01
15426,"Lalpur Rajpur",2,0.01
143,Sasaram,2,0.01
16173,Mangapur,2,0.01
17455,Beria,2,0.01
15142,Bilgram,2,0.01
15668,Balsamand,2,0.01
15863,Nandgaon,2,0.01
17515,Common-2,2,0.01
8071,Jayant,2,0.01
15598,Shahabad,2,0.01
19078,"Devbhumi Dwarka",2,0.01
15461,Barkhera,2,0.01
17378,"Mao Sahib",2,0.01
9796,"Mohammadpur Bhaja",2,0.01
1245,Years,2,0.01
16827,"Mohammadpur Urf Jangal B",2,0.01
15416,Simri,2,0.01
15789,Lacaria,2,0.01
15610,"Koth Kalan",2,0.01
17802,"Balipur Majra Atseni",2,0.01
17577,Naraingarh,2,0.01
15537,Vindhyanagar,2,0.01
17074,"Beharapur Ga",2,0.01
19114,Diu,2,0.01
16392,Manipur,2,0.01
19436,Kolar,2,0.01
15658,Cheers,2,0.01
1143,Chhachhrauli,2,0.01
16219,"Kalan Bridge",2,0.01
18773,Sivaganga,2,0.01
12783,Bijlawada,2,0.01
17687,"Sarkar Khas",2,0.01
15622,Dadlana,2,0.01
16184,sings,2,0.01
15813,Maihar,2,0.01
16588,each,2,0.01
15151,Jatpura,2,0.01
71,Khurja,2,0.01
16477,Gariyaband,2,0.01
16875,Dry,2,0.01
17109,"Rasulpur Or Rasulpur Bevhar",2,0.01
16693,"Mokameh Khas",2,0.01
2,Mussoorie,2,0.01
18874,"East Sikkim",2,0.01
432,"Bhawanipur Desari",2,0.01
16455,Porsa,2,0.01
16268,"Hansalpur Becharaji",2,0.01
15526,"Patti Kalalan",2,0.01
19080,"Ratia Tehsil",2,0.01
16007,"you will be",2,0.01
1023,Visharatganj,2,0.01
16197,Kosli,2,0.01
15358,girl,2,0.01
15950,Bhodal,2,0.01
19526,बाँके,2,0.01
472,spirit,2,0.01
6066,Mauganj,2,0.01
15912,Talgaon,2,0.01
903,Khutauna,2,0.01
18843,"Teshsil&District Pawlal",2,0.01
15646,Sitarganj,2,0.01
19477,"Iberville Parish",2,0.01
15854,Bhatauli,2,0.01
16515,Khalilabad,2,0.01
2644,Safidon,2,0.01
17160,"Banwari Bass",2,0.01
5612,Jasrana,2,0.01
16258,Banthar,2,0.01
15890,Samswada,2,0.01
17546,Avgawan,2,0.01
17033,Akoda,2,0.01
15802,forbidden,2,0.01
10991,Baibalpur,2,0.01
15936,Chidderwala,2,0.01
17606,Ujhani,2,0.01
19247,Rayagada,2,0.01
9592,Pimpri-Chinchwad,2,0.01
17009,Alamgirpur,2,0.01
5706,"Danda Dhoran",2,0.01
19038,Jhapa,2,0.01
19081,"Narkatiaganj Block",2,0.01
16380,Jharoda,2,0.01
16198,Dhanora,2,0.01
18591,"Devbhoomi Dwarka",2,0.01
15843,Palwal,2,0.01
15466,"Basai Shergarh Bangar",2,0.01
2522,Baragholjor,2,0.01
16720,Chandpur,2,0.01
9808,Banpurva,2,0.01
1250,Parsouni,2,0.01
15879,Dhandhupura,2,0.01
12525,Nanata,2,0.01
15984,eyes,2,0.01
15613,Sardarpur,2,0.01
19370,Chengalpattu,2,0.01
905,Parauna,2,0.01
19121,Srikakulam,2,0.01
16394,Sick,2,0.01
16020,"Sikandra Rao",2,0.01
16796,"Bahoranpur Kalan",2,0.01
201,Bilwa,2,0.01
4691,fight,2,0.01
17737,Deoli,2,0.01
18863,Jorhat,2,0.01
16807,Visakhapatnam,2,0.01
16142,Kushmaur,2,0.01
12078,"Dharmpur Kalan",2,0.01
14573,"Patti Kalyana",2,0.01
17299,"Bulakipur Luhunna",2,0.01
787,Dhandadihi,2,0.01
15803,State,2,0.01
16368,Jandheri,2,0.01
17458,"Arruwa Banger",2,0.01
507,Khudaganj,2,0.01
18729,"South Sikkim",2,0.01
16302,Cheeka,2,0.01
9603,"Bhora Kalan",2,0.01
17268,Sanpera,2,0.01
16234,Baghola,2,0.01
15406,Mohammadi,2,0.01
123,Seoni,2,0.01
16153,"Bhawanipur Khalli",2,0.01
435,"Bazid Nagar",2,0.01
16937,"iron rod",2,0.01
17058,Kariyabar,2,0.01
15833,double,2,0.01
15467,Sarsawa,2,0.01
16614,Junnardeo,2,0.01
16131,Shahzadpur,2,0.01
2523,Morgarhi,2,0.01
16903,Eight,2,0.01
16317,Jamaupur,2,0.01
18757,"Uttara Kannada",2,0.01
14279,"Kamalabad Barhauli",2,0.01
16057,Teekla,2,0.01
15419,Khohar,2,0.01
8314,Cage,2,0.01
3201,Everyone,2,0.01
16757,sea,2,0.01
6068,Waresoni,2,0.01
15914,Khairteya,2,0.01
17582,Ganeshpur,2,0.01
15542,"Korari Kala",2,0.01
18847,"West Medinipur",2,0.01
16797,Sirsaganj,2,0.01
19206,Nabarangpur,1,0.00
202,"Ghanghora Piparia",1,0.00
17883,winter,1,0.00
16407,Bhatipura,1,0.00
16034,Arjal,1,0.00
17739,Gumani,1,0.00
15661,Hindoria,1,0.00
17254,Kayasa,1,0.00
18217,Shahnagar,1,0.00
1153,"Garhi Bishanpur",1,0.00
16223,"Youshufpur Bhagwan",1,0.00
19481,Karaikal,1,0.00
15856,"Karawara Manakpur",1,0.00
16998,"Baksi Fashion",1,0.00
18010,"Salampur Mazar Dastoora",1,0.00
16629,"Bisanpur Daulat",1,0.00
7419,Naukluchiatal,1,0.00
16517,"Talegaon Dabhade",1,0.00
12116,"Chindauritappa Lawar",1,0.00
15770,Harirampur,1,0.00
17400,Nayadih,1,0.00
2646,"Nilkanth Bigha",1,0.00
16916,Times,1,0.00
16332,Hathiyani,1,0.00
15964,tibar,1,0.00
17645,Vijapur,1,0.00
17165,willow,1,0.00
18125,"Rukunpur Kasimpur",1,0.00
16733,"Manse Chhapra",1,0.00
19316,"Uska Bazar",1,0.00
17415,Tithal,1,0.00
16926,Moriwala,1,0.00
14642,"Itaura Buzurg",1,0.00
5628,Sorkhi,1,0.00
17782,"Aurangpur Sabhi",1,0.00
15696,Baghuna,1,0.00
17300,Dhorayal,1,0.00
1313,Badchhapar,1,0.00
16843,Baroli,1,0.00
15892,Gunnaur,1,0.00
17549,Magrayan,1,0.00
788,"Ambehta Shekha",1,0.00
15515,Pachrukhia,1,0.00
17036,LineBazar,1,0.00
18047,"Purusottampur Painathi",1,0.00
16663,Songal,1,0.00
15430,Bandhwa,1,0.00
8744,creativity,1,0.00
16177,Mehnagar,1,0.00
12831,Harpur,1,0.00
3557,"Lami Chour",1,0.00
17692,Shahajadpur,1,0.00
15625,Dhodar,1,0.00
17214,Karaundi,1,0.00
16770,"Kusha was",1,0.00
16187,"Deori Majhgawan",1,0.00
19395,Ananthapuram,1,0.00
15818,Khamargora,1,0.00
17459,Dayagang,1,0.00
17974,"Chotiya Balod",1,0.00
16591,"Mahalunge Ingale",1,0.00
15289,"Bareti Kalan",1,0.00
6427,Hasauli,1,0.00
16481,Gunwari,1,0.00
16107,Cothea,1,0.00
17821,"Kothal Kalan",1,0.00
11029,Tilbhita,1,0.00
15735,Kanji,1,0.00
17353,"That&#39;s right",1,0.00
1985,Manendragarh,1,0.00
16879,Chaubepur,1,0.00
16292,Turiganj,1,0.00
15926,"Bad Baby",1,0.00
17596,Jhapaha,1,0.00
17113,Yerevan,1,0.00
18088,"Dakshin Chandrapur",1,0.00
16494,"Majauka Kachhar",1,0.00
16119,Mahudiya,1,0.00
17835,Become,1,0.00
11637,"Kheri Barki",1,0.00
15748,Tinoniya,1,0.00
17368,"Sarai Misrani",1,0.00
2181,Pauthiya,1,0.00
16892,"Sukhmalpur Nizamabad",1,0.00
15938,Sikandarpur,1,0.00
17608,"Chak Bhikhi",1,0.00
994,Lalanpur,1,0.00
15566,"Let&#39;s see",1,0.00
18099,"Ray Karariya",1,0.00
16709,Regret,1,0.00
17898,Mangali,1,0.00
14089,"Palta Devi",1,0.00
5230,Telegram,1,0.00
16421,Sriperumbudur,1,0.00
16047,Semariya,1,0.00
17753,Jarasi,1,0.00
18880,Sabarkatha,1,0.00
9608,"Saidpur Khajuria",1,0.00
15672,Bhathelatola,1,0.00
17269,Kalliyarampur,1,0.00
16820,robbed,1,0.00
16235,Bagwada,1,0.00
19504,"Imphal West",1,0.00
15868,rasa,1,0.00
17520,"Rasoolpur Bilhaur",1,0.00
17011,"Get up Chak",1,0.00
18022,cancer,1,0.00
16642,Matapur,1,0.00
15407,Devkari,1,0.00
8128,Kalanaur,1,0.00
15781,Patehra,1,0.00
2981,Mahamrural,1,0.00
16344,"Pada Kharhara",1,0.00
15975,King,1,0.00
17662,"Chuharpur Marasian",1,0.00
15602,"Simariya Kalan",1,0.00
17184,Varia,1,0.00
18139,Chitauni,1,0.00
16746,"Khash Kenda",1,0.00
18528,Sahwarpur,1,0.00
16938,"a Fortress",1,0.00
17945,Dharampur,1,0.00
16569,Bindrai,1,0.00
14778,Baramasia,1,0.00
5723,"Khundar Hithar",1,0.00
16458,"Sarai Bhag Mani",1,0.00
17795,Mary,1,0.00
10275,Mohtara,1,0.00
15709,khamhar,1,0.00
17319,Baltikari,1,0.00
1364,"Chak Bijuli",1,0.00
16856,"Kakariya Khedi",1,0.00
16271,Shivli,1,0.00
15904,Basal,1,0.00
17565,monthly,1,0.00
15530,"Kabra Khurd",1,0.00
17060,Thol,1,0.00
18061,Kaithawalia,1,0.00
16675,change,1,0.00
12994,Samiyana,1,0.00
3860,"Jalpipur Sisala",1,0.00
16383,Mukhiapatti,1,0.00
16011,Kheria,1,0.00
17705,"the hour",1,0.00
17226,Ragoli,1,0.00
18189,Bijahera,1,0.00
1039,graduate,1,0.00
16781,Dhakawa,1,0.00
15834,Uplani,1,0.00
17480,Chintamanpur,1,0.00
580,Dudhara,1,0.00
15454,Lakesri,1,0.00
16975,"Kala Khera",1,0.00
17987,Dakachya,1,0.00
16604,Purkaji,1,0.00
15367,Masturi,1,0.00
6609,Sirthala,1,0.00
15650,Burigawan,1,0.00
17240,Ajigarha,1,0.00
18203,"Yusufpur Naglabair",1,0.00
1123,Katwal,1,0.00
16798,"Roop Pur Kripa",1,0.00
16212,Chandiapur,1,0.00
15846,Sidipur,1,0.00
618,Sirnoda,1,0.00
15468,"Asan Bani",1,0.00
16986,Khemaipur,1,0.00
18000,Afathipur,1,0.00
16615,"Murtazapur Shaoor",1,0.00
15385,Guest,1,0.00
6974,Mujhiana,1,0.00
16506,"Manak Diwan",1,0.00
16133,Dahiwad,1,0.00
17849,"Lahauri Nagar",1,0.00
11794,"Get out",1,0.00
15760,Biharigarh,1,0.00
17388,I-hole,1,0.00
2538,Pahridih,1,0.00
16904,Jogipura,1,0.00
15953,Lisarh,1,0.00
17628,"Dr. Ambedkar Nagar",1,0.00
18760,Barhara,1,0.00
15579,Kayampur,1,0.00
17144,Jevri,1,0.00
16722,Ratauti,1,0.00
18484,Jhanwari,1,0.00
311,Rehsaina,1,0.00
17913,Ghooripur,1,0.00
14280,Gubrari,1,0.00
5497,"Pure Khusai",1,0.00
16058,Kakarmajra,1,0.00
18899,"Ashadei Urf Prangarh",1,0.00
9811,Nakshandabad,1,0.00
17283,Nasirpur,1,0.00
16833,Nogra,1,0.00
16250,"Sands Kalan",1,0.00
19532,Vikarabad,1,0.00
15881,Dahiyar,1,0.00
17537,Kokna,1,0.00
18664,Chithari,1,0.00
15504,vulnerable,1,0.00
18036,Masahariya,1,0.00
16653,Shivsinghpur,1,0.00
8369,"Ramwapur Urf Nabua Ahtmal",1,0.00
16545,"Mehu Wala Mafi",1,0.00
16166,Asia,1,0.00
15793,Desalpur,1,0.00
16355,Rania,1,0.00
15986,Majhgaon,1,0.00
17679,"Daulatpur Chandi",1,0.00
18805,"Lahaul And Spiti",1,0.00
15615,Ghuhua,1,0.00
17197,Payali,1,0.00
18151,"Bahadur Nagar",1,0.00
16758,Karhari,1,0.00
17449,"Mundhal Khurd",1,0.00
18553,"Jeron Khalsa",1,0.00
475,train,1,0.00
16951,"Dhaudhi Rautapur",1,0.00
14903,"Shahpur Dasar",1,0.00
16470,sweet,1,0.00
16095,Pakhadiya,1,0.00
17809,Dagarwaha,1,0.00
10512,"Gadanpur Devrajpur",1,0.00
15722,Turkey,1,0.00
17337,lost,1,0.00
1626,Balu,1,0.00
16868,Dhorera,1,0.00
16282,makes,1,0.00
15916,Ramgadha,1,0.00
17583,Rerma,1,0.00
909,Meanwhile,1,0.00
15543,Tikariya,1,0.00
17084,Yavat,1,0.00
18073,hell,1,0.00
16686,"Baldhan Khurd",1,0.00
184,Dubai,1,0.00
17870,Lalganj,1,0.00
4429,Naubatpur,1,0.00
16396,quarry,1,0.00
16022,Question,1,0.00
204,torment,1,0.00
17884,Sarwaya,1,0.00
13781,"Bhoj Nagal",1,0.00
4837,Hathipur,1,0.00
16408,Dhargaon,1,0.00
16035,Sawantkut,1,0.00
17740,"Harraj Pur",1,0.00
9398,"Imlidih Bujurg",1,0.00
17256,Sandesh,1,0.00
18218,Muradpur,1,0.00
1154,Bhinodi,1,0.00
16809,"Kasia Bazaar",1,0.00
16225,Kalol,1,0.00
19484,Puducherry,1,0.00
15857,verypura,1,0.00
17508,"Zamania Station",1,0.00
650,Sehsaula,1,0.00
15480,Alakhpura,1,0.00
16999,Nathpatti,1,0.00
18011,ocean,1,0.00
16630,Mokadi,1,0.00
16518,Chandankiyari,1,0.00
16144,Ballopur,1,0.00
15771,Sirhind,1,0.00
17401,Mandpur,1,0.00
2718,Lamdand,1,0.00
16917,Dibai,1,0.00
16333,"Tetariya Kalan",1,0.00
15965,Grantdadpur,1,0.00
17646,Elappally,1,0.00
17168,Sakundipur,1,0.00
18126,Sickness,1,0.00
16734,"Muh Pochha",1,0.00
17416,Jainagar,1,0.00
16927,"Kajia Bishunpur",1,0.00
17932,"crying basket",1,0.00
16555,Chautham,1,0.00
5658,Nikuana,1,0.00
16448,Gonawadi,1,0.00
16074,Bisaich,1,0.00
10030,Brampur,1,0.00
15697,Lalbarra,1,0.00
17302,"Madhuban North",1,0.00
1317,Download,1,0.00
16844,"Mahul Khas Or Mahul",1,0.00
15893,"Mania Tikri",1,0.00
17550,"Hansa Khedi",1,0.00
789,Noor,1,0.00
15516,Trilokpatti,1,0.00
17038,Ripponpet,1,0.00
18050,"Ismailpur Jadid",1,0.00
16664,Jheepasani,1,0.00
15431,"Manipur Gola",1,0.00
8765,Cap,1,0.00
16178,"We really rode",1,0.00
15805,sonwal,1,0.00
3607,"Sadat Wari",1,0.00
16370,"Dhukra Khera",1,0.00
17694,Banghusara,1,0.00
18821,"Edwards County",1,0.00
17215,"Surgaon Joshi",1,0.00
18173,Daiyar,1,0.00
16771,"Girdharpur Sunarasi",1,0.00
16189,Sarila,1,0.00
15819,Bhander,1,0.00
17464,Daruhela,1,0.00
519,Muhiddinpur,1,0.00
15440,"Chakra Gosai",1,0.00
17975,"Nagla Khem K",1,0.00
16592,Kopaganj,1,0.00
15290,Meharwani,1,0.00
6499,Ithaira,1,0.00
16482,"Koylari Raiyat",1,0.00
16108,Budhsaini,1,0.00
17822,Asalatganj,1,0.00
11072,Kiratpur,1,0.00
15736,Dima,1,0.00
17354,Dahej,1,0.00
16880,Minapur,1,0.00
16293,Sadhua,1,0.00
17597,"Thana Shankar Dwari",1,0.00
947,"Owned by Hunrari",1,0.00
15554,Kharsia,1,0.00
17114,Tirurangadi,1,0.00
18089,Mandaula,1,0.00
16697,Bawadikalan,1,0.00
16495,Pathiriyal,1,0.00
17836,Basauli,1,0.00
11656,Bikrampur,1,0.00
15749,Kesnand,1,0.00
17371,Dhanpuri,1,0.00
2182,"Farmana Khas",1,0.00
16893,"Kolki Kalalan",1,0.00
16305,"Ledwa Mahua",1,0.00
15939,"Jamonia Johar",1,0.00
18743,Sarhasa,1,0.00
15569,pact,1,0.00
17128,Bahuas,1,0.00
18100,Sujanpur,1,0.00
19254,Chikkaballapura,1,0.00
273,strength,1,0.00
17899,Jhunsi,1,0.00
14100,Maji,1,0.00
5233,"Masaron Ki Ovri",1,0.00
16422,Bhandora,1,0.00
16048,"Tamakuhi Raj",1,0.00
17754,Jadugora,1,0.00
9609,"Arazi Dehigair Abad",1,0.00
15673,Bahuara,1,0.00
17270,"Garat Pur Bas",1,0.00
18262,Gangauli,1,0.00
16821,Ismailpur,1,0.00
16236,Khain,1,0.00
19506,"Bagaha-1 Block",1,0.00
15869,"Bashiya Ganga Sagar",1,0.00
18649,Chaldean,1,0.00
15493,Pazrana,1,0.00
17012,Ghasipur,1,0.00
18023,"Dayalpur Kala",1,0.00
16643,Dhanah,1,0.00
15408,"Khedki Khader",1,0.00
8129,Singipur,1,0.00
16532,Semri,1,0.00
16155,Say,1,0.00
12410,Udmanwal,1,0.00
15782,Gochhi,1,0.00
2991,"The field",1,0.00
16345,Chamkari,1,0.00
15976,smoke,1,0.00
17665,Sonuli,1,0.00
15603,climb,1,0.00
17185,Bazidpur,1,0.00
18140,Bass,1,0.00
16747,"Arain Majra",1,0.00
17431,"Saidpur Dabra",1,0.00
18530,Dongargarh,1,0.00
16939,"Sidh Tikar",1,0.00
17946,Tighara,1,0.00
16570,"Pakari Kalan",1,0.00
14799,Nathopur,1,0.00
16459,Charthaval,1,0.00
17796,Thuthi,1,0.00
15710,"Umarpurniwa Uprhar",1,0.00
17321,"Panth Piploda",1,0.00
1367,Sekhuiya,1,0.00
16857,"Dahmi Kalan",1,0.00
15905,"Ekwanhi Urf Bhagwatpur",1,0.00
17567,"Ambadi Naka",1,0.00
15531,computer,1,0.00
17062,"Bhojpur Jadid",1,0.00
18062,Lamta,1,0.00
16676,Makdampur,1,0.00
8969,Machalpur,1,0.00
19089,Adampur,1,0.00
16012,Rajipur,1,0.00
17706,"Mugalpur Nraini",1,0.00
9085,Musk,1,0.00
15637,reliable,1,0.00
17227,Waters,1,0.00
18191,"Muluka Tola",1,0.00
16782,Bhimnagar,1,0.00
16201,Bhadaura,1,0.00
19423,Gariaband,1,0.00
15835,"Falaida Bangar",1,0.00
17481,"Chirah Kalan",1,0.00
18597,Chhatatanr,1,0.00
586,"Bada Dress",1,0.00
15455,Sudwas,1,0.00
16976,Kanwara,1,0.00
17989,Kilauni,1,0.00
16605,"Navdia Dhanesh",1,0.00
15371,Mahukheda,1,0.00
6652,Jharmari,1,0.00
16024,Masadiha,1,0.00
17725,Hanumantpur,1,0.00
18850,Hailakandi,1,0.00
9222,"Babbalpur Chhaurahi",1,0.00
15651,"Bilawali Labana",1,0.00
17244,"Chathia of Medina",1,0.00
18208,Bangarupalem,1,0.00
1125,bumper,1,0.00
16799,Bhadauli,1,0.00
16213,Banshiwala,1,0.00
19447,Kapilbastu,1,0.00
15847,"Chand Samand",1,0.00
17497,"Taj Pur",1,0.00
619,Chichlya,1,0.00
15469,Hiranpur,1,0.00
16989,Ghoghi,1,0.00
18001,Janardanpur,1,0.00
16616,white,1,0.00
15386,"Imaliya Ganj",1,0.00
6985,Bhainsla,1,0.00
16507,"Vijay Gaon",1,0.00
16134,"Runji Gautampura",1,0.00
17850,"Pilkhi Gajpathi",1,0.00
15761,Machmar,1,0.00
17389,"Thana Kalan",1,0.00
2562,Khor,1,0.00
16905,chikhla,1,0.00
16319,Basantpur,1,0.00
15954,Kharkharee,1,0.00
17632,Hatnapur,1,0.00
15580,Remawand,1,0.00
17149,"Chitwara Kapur",1,0.00
18114,Jatmujheda,1,0.00
16723,Shakarpura,1,0.00
18485,Kandrapur,1,0.00
315,"Lachhman Nagar",1,0.00
17914,"Talwara Khurd",1,0.00
14286,"Kam Rauli",1,0.00
5498,Rahaud,1,0.00
16434,Moakalpur,1,0.00
16059,"Dandi Amhay Chandra",1,0.00
17771,Bichhiya,1,0.00
9812,"Nagla Shahu",1,0.00
15686,Pohari,1,0.00
17284,Husainpur,1,0.00
1253,tickle,1,0.00
16834,"It shows",1,0.00
16251,Majarhat,1,0.00
19533,Sukma,1,0.00
15882,Thanabhawan,1,0.00
17538,"Shivala Par",1,0.00
15505,Basoda,1,0.00
17026,Chidawad,1,0.00
18037,nagra,1,0.00
16654,Pundlu,1,0.00
15421,Sundarpur,1,0.00
16546,kharindwa,1,0.00
12657,"Haripur Sukha",1,0.00
15795,Bharangpur,1,0.00
16357,Kudra,1,0.00
15987,cargo,1,0.00
17680,"Bhaisaya Gadha",1,0.00
18807,"Daymanti nagar",1,0.00
15616,Pawani,1,0.00
17198,Barhapur,1,0.00
18155,Jhajha,1,0.00
19378,Nazadik,1,0.00
17450,"Beserpur Tarai",1,0.00
18554,"Udharana Thakurain",1,0.00
476,Kharak,1,0.00
16952,Jadopur,1,0.00
17960,ago,1,0.00
16582,Harpalpur,1,0.00
14997,"Darzi Chak",1,0.00
16471,Baisoda,1,0.00
16096,Bamnpur,1,0.00
17810,"Mahua Khera",1,0.00
10513,Kelwara,1,0.00
15723,Patla,1,0.00
17339,load,1,0.00
1669,Bansdih,1,0.00
16869,"Nasir Pur",1,0.00
16283,"Nipanya Khanjar",1,0.00
17585,Sisaiyan,1,0.00
911,Pakhanjur,1,0.00
15544,"Rajmalpur Timarua",1,0.00
17088,"Santa Clara County",1,0.00
19139,Myawaddy,1,0.00
185,Kalyan,1,0.00
17871,"Nagal Patti Machhrauli",1,0.00
13530,"Thappel Ismailpur",1,0.00
16397,"Munawwarpur Khurd",1,0.00
19229,"Companyganj Upazila",1,0.00
18429,Magajpura,1,0.00
17885,Chakdariapur,1,0.00
13792,"Range Sign",1,0.00
4920,"Andhiyar Khoh",1,0.00
16409,Mansurganj,1,0.00
9450,"Baghai Khader",1,0.00
17257,"Kudari Khurd",1,0.00
1157,Dhanga,1,0.00
16810,Khatkar,1,0.00
16226,Girinagar,1,0.00
17509,Jitpur,1,0.00
658,Jitnagar,1,0.00
15481,Atalpur,1,0.00
17000,"Chak Alla Baksh",1,0.00
18012,"Nainijor Dewara Land",1,0.00
16631,devalingikoppa,1,0.00
15398,Nai-Ledri,1,0.00
7623,"Khirsadoh Ryt.",1,0.00
16519,Mundri,1,0.00
12122,blessings,1,0.00
15772,"Nangla Udairampur",1,0.00
17402,Savant,1,0.00
16918,Purbaliyan,1,0.00
16334,"Baroda Sadar",1,0.00
18780,Bargarh,1,0.00
15592,habit,1,0.00
17169,Neemran,1,0.00
18127,Pachapalayam,1,0.00
17417,Mahroli,1,0.00
422,Satwas,1,0.00
16928,Dongaliya,1,0.00
17933,"Chandena Koli Must.",1,0.00
16556,"Raju Paraspur",1,0.00
16449,Pikaura,1,0.00
16075,"Basudev Pur",1,0.00
17784,Nasirabad,1,0.00
10047,Servants,1,0.00
17303,Chapora,1,0.00
18320,"50 Lnp",1,0.00
1319,Vachharjapur,1,0.00
16845,Pukhrayan,1,0.00
15894,Dagari,1,0.00
17551,"Bawan Buzurg Balla",1,0.00
17039,Geer,1,0.00
18051,Hargaon,1,0.00
16665,Lahchura,1,0.00
15432,drawn,1,0.00
8766,Semaru,1,0.00
16179,Dhawakar,1,0.00
15808,Maur,1,0.00
3617,Bhathali,1,0.00
16371,"Mohammad Pur",1,0.00
16000,"Maniyari Pur",1,0.00
17216,May,1,0.00
18174,"Devpura Dehat",1,0.00
16772,Dhansu,1,0.00
16190,Tadaura,1,0.00
19399,Banke,1,0.00
15823,"Yusufpur Manota",1,0.00
17465,sound,1,0.00
18580,Ball,1,0.00
15441,Barukheda,1,0.00
16965,Simrol,1,0.00
17976,Gurawada,1,0.00
16593,"Sikanderpur Kalan",1,0.00
15297,"Barki Tenduni",1,0.00
16483,"Mohammadganj Mustakil",1,0.00
16109,skirt,1,0.00
17824,"Choncha Bangaon",1,0.00
11109,Lahli,1,0.00
15737,Naraini,1,0.00
17355,Bijarpur,1,0.00
2036,Sakti,1,0.00
16882,Basna,1,0.00
16294,"Pears Gadh",1,0.00
15929,Udraha,1,0.00
17598,Nauraspur,1,0.00
18732,Thoothukudi,1,0.00
15555,Chaumuhan,1,0.00
17115,Dagsah,1,0.00
18090,Godahara,1,0.00
16699,Charnai,1,0.00
16497,Sahas,1,0.00
16121,Chaupda,1,0.00
17837,Kachhpura,1,0.00
15750,Simla,1,0.00
17372,Rukanpur,1,0.00
2183,Narsingapur,1,0.00
16894,"Rajpur T. Madhau Tanda",1,0.00
15943,Saidaspur,1,0.00
17611,twice,1,0.00
15570,Khoripakar,1,0.00
17129,Robust,1,0.00
18101,"Rampur Majre",1,0.00
16711,Sanawad,1,0.00
19255,Bongaigaon,1,0.00
275,"Bakharpur East",1,0.00
17901,Charva,1,0.00
14103,Tati,1,0.00
16424,"Raghopur South",1,0.00
16049,"Mehua Hasanganj",1,0.00
17755,Tirmasahun,1,0.00
15674,Mankandpur,1,0.00
17271,Atarra,1,0.00
1225,Jarauli,1,0.00
16822,"Monk Ramgawan",1,0.00
16237,"Bhat Khedi",1,0.00
19511,nowgoan,1,0.00
15870,Kuiyan,1,0.00
17523,Brahma,1,0.00
720,Sekhapur,1,0.00
15494,Buknala,1,0.00
17014,"Baira Khas",1,0.00
18025,Bihariganj,1,0.00
16644,Khabra,1,0.00
15409,Bhagatpur,1,0.00
8160,Gopalpur,1,0.00
16533,"Belsandi Dih",1,0.00
16156,"Rasa Devra",1,0.00
12437,Mahespur,1,0.00
15783,Madnapur,1,0.00
15977,disarm,1,0.00
17666,"Chhota Kulberia",1,0.00
18794,Davanagere,1,0.00
15604,Sohat,1,0.00
17186,jamer,1,0.00
18141,"Nagli Abdulla",1,0.00
16748,Barhana,1,0.00
19348,Niwari,1,0.00
17433,Bhatkhedi,1,0.00
441,"Shahlipur Gudar",1,0.00
16940,Gaddapotharam,1,0.00
17947,Bansupur,1,0.00
14800,Jagdalpur,1,0.00
5784,"Tegor Nagar",1,0.00
16460,Govindpur,1,0.00
16086,"Narayan Khap",1,0.00
17797,Kohadia,1,0.00
19058,"West Garo Hills",1,0.00
10320,Kaptanganj,1,0.00
15711,"Husayn Mau",1,0.00
17322,Pilkhani,1,0.00
16858,Mohanpur,1,0.00
16273,Allabukpur,1,0.00
15906,Beelpur,1,0.00
17568,"Khirwa Jalalpur",1,0.00
887,"Sharif Nagar",1,0.00
17065,Khalwa,1,0.00
18063,attract,1,0.00
16677,"Chipyana Khurd Surf Tigri",1,0.00
17861,Ghosh,1,0.00
4011,"Sakha Naubati",1,0.00
16386,Ghagot,1,0.00
16013,Lebad,1,0.00
17229,Mohammadabad,1,0.00
18192,"Salaiya Paniyari",1,0.00
16783,"Parwaliya Sadak",1,0.00
19425,Nilgiris,1,0.00
15836,healing,1,0.00
17482,Dawla,1,0.00
18598,"Kumheda Sunny",1,0.00
587,Grandmothers,1,0.00
15456,Khudana,1,0.00
17990,worship,1,0.00
16606,Badram,1,0.00
15374,Saipur,1,0.00
6804,Hariharpur,1,0.00
16398,"Special Danda Karm",1,0.00
16025,Sanchi,1,0.00
17726,Aanapurnarayanganj,1,0.00
9250,Kureh,1,0.00
15652,"Said Nagla",1,0.00
18209,Jhunpa,1,0.00
1126,Janaita,1,0.00
16800,"Alias Garhi Si",1,0.00
16214,Dharamdas,1,0.00
15848,Badopal,1,0.00
17498,Taharpur,1,0.00
620,"Meerpur Chhadami",1,0.00
15470,"Semra [Lakhroni]",1,0.00
18002,Choose,1,0.00
16617,take,1,0.00
6986,Amawan,1,0.00
16508,"Sikahra Hardaspur",1,0.00
16135,Jiyajigarh,1,0.00
17851,"Mor Majra",1,0.00
11850,Soberna,1,0.00
15762,Chaparid,1,0.00
17390,Shiwarajpur,1,0.00
2565,Sahjanwa,1,0.00
16907,seal,1,0.00
16324,Patulki,1,0.00
15955,Tambaur,1,0.00
17634,Kaimri,1,0.00
15581,crystal,1,0.00
17150,Sardhana,1,0.00
18115,Thakurganj,1,0.00
17917,"Ramgarh Cantonment",1,0.00
14423,"Murthal Khas",1,0.00
5499,"To him",1,0.00
16060,Purwa,1,0.00
17772,Matimao,1,0.00
9817,Sankara,1,0.00
15687,"Manpur Raja",1,0.00
17286,"Baluwa Bhawanipur",1,0.00
18295,Paliachalpur,1,0.00
16835,Karmatungri,1,0.00
19534,"Sikta Block",1,0.00
15883,"I danced",1,0.00
17539,Kusahar,1,0.00
15506,Rudhauli,1,0.00
17027,"Bhanera Jat",1,0.00
18038,Parasia,1,0.00
16655,"Beebra Kalan",1,0.00
15422,Bharhi,1,0.00
8476,"Soodanpur Mustqil",1,0.00
16547,"dried up",1,0.00
16168,Susner,1,0.00
12730,"Pahar Ganj",1,0.00
15796,Khajuraho,1,0.00
3211,Pakhanha,1,0.00
16358,Mohanlalganj,1,0.00
15988,Bhatuni,1,0.00
17681,Ibrahimpur,1,0.00
15617,Mirapur,1,0.00
17199,Phena,1,0.00
18157,Kandari,1,0.00
16760,"Wair Badshahpur",1,0.00
17451,Miranpur,1,0.00
18557,Khoraitha,1,0.00
479,Kalinga,1,0.00
16953,"Sant Nagar",1,0.00
17961,Sharaqpur,1,0.00
16583,together,1,0.00
6140,sarar,1,0.00
16472,Dauria,1,0.00
16097,Chhawan,1,0.00
17811,"Bela Nawad",1,0.00
10523,Jabarauli,1,0.00
15725,Rasulganj,1,0.00
17340,Pantnagar,1,0.00
1670,Kherkhedikalan,1,0.00
16870,Chakjangi,1,0.00
16284,Neora,1,0.00
17586,Itaunja,1,0.00
15545,Kedarnath,1,0.00
18076,"Bagadpur Mafi",1,0.00
16688,"Lohinga Khurd",1,0.00
19160,Naikot,1,0.00
18395,"Katra Belkheda",1,0.00
186,Ramnagar,1,0.00
17872,Bhagar,1,0.00
13531,"Dadheru Khurd",1,0.00
4552,Pinjore,1,0.00
212,Bahai,1,0.00
17887,Mahidpur,1,0.00
4983,Thing,1,0.00
16410,Baddalpur,1,0.00
16038,Clamp,1,0.00
17742,Sikrauti,1,0.00
9513,Santer,1,0.00
15664,Balamau,1,0.00
17258,Jaitra,1,0.00
18221,"mother sand",1,0.00
1172,"On the floor",1,0.00
16227,Modipuram,1,0.00
19486,Alappuzha,1,0.00
15859,Siktaur,1,0.00
17510,"Madrauni Gobindpur Kausli",1,0.00
684,Chhattarpur,1,0.00
15482,Kilpur,1,0.00
17001,"Each Medniganj",1,0.00
18013,plan,1,0.00
16632,Mirchai,1,0.00
15399,"Sinduriya Alampur",1,0.00
7734,"You win",1,0.00
16520,Sakri,1,0.00
16146,Mahuva,1,0.00
15773,Kakori,1,0.00
16335,Bidhun,1,0.00
15967,queue,1,0.00
17648,Phaphamau,1,0.00
15593,"Bari Bali North",1,0.00
17170,"Bisharia Patti",1,0.00
18128,perish,1,0.00
16736,kohliya,1,0.00
19325,"Aim Block",1,0.00
17418,Bhailavli,1,0.00
423,old,1,0.00
16929,"Rampur Bangar",1,0.00
17935,"Kokhraj Uperhar",1,0.00
16557,Bharauli,1,0.00
14645,Jawasa,1,0.00
5699,"Rana Bigha",1,0.00
16076,"Sarai Clothes",1,0.00
17785,Jindakheda,1,0.00
10055,Solar,1,0.00
17304,Bhete,1,0.00
16846,Metal,1,0.00
16263,Molyakhedi,1,0.00
15895,"Dhana Teja",1,0.00
17554,tiger,1,0.00
807,Ol,1,0.00
15519,"Moti Pakar",1,0.00
17040,Khaintawas,1,0.00
18053,Bhisampur,1,0.00
16666,"Mahar Buzurg",1,0.00
8832,"Sherpur Ahatmali",1,0.00
12880,grill,1,0.00
15809,"Latona Noyrth",1,0.00
3618,Baluda,1,0.00
16373,Sarni,1,0.00
16001,"Tosham Rural",1,0.00
17696,Raul,1,0.00
18823,Bhudkud,1,0.00
8970,source,1,0.00
15628,"Miyan Ka Purwa",1,0.00
17217,Cheend,1,0.00
18175,Chawki,1,0.00
16773,caisson,1,0.00
16191,"Dadpur Govindpur",1,0.00
19402,Pudukkottai,1,0.00
15824,Kharkhadi,1,0.00
17467,Borkhediphattu,1,0.00
18581,Sunsari,1,0.00
15442,Bairamnagar,1,0.00
16966,"Kubja Nagar",1,0.00
17977,"Assandh Ruralpart",1,0.00
16595,"to support",1,0.00
15307,"The building",1,0.00
6539,Jhadmokhali,1,0.00
16484,Kuleri,1,0.00
16110,bench,1,0.00
17825,Dabarki,1,0.00
11145,"Dotiyal Gaon",1,0.00
17358,"Harin Col",1,0.00
2067,Dakpur,1,0.00
16883,"Gogwan Jalalpur",1,0.00
16295,Tawakathi,1,0.00
15930,Diwana,1,0.00
17599,"Baliya Khadi",1,0.00
961,Kurdish,1,0.00
15557,"Bel Garha",1,0.00
17116,"Rampur Ta Reoti",1,0.00
18091,Ramsinghpura,1,0.00
16498,Naupariya,1,0.00
16122,Sheeshee,1,0.00
17839,Bahadurpur,1,0.00
11661,Kirthua,1,0.00
15751,Bardiyason,1,0.00
17373,"Banthra Sikander Pur",1,0.00
2184,"Milk Bamla",1,0.00
16307,Parikshitgarh,1,0.00
15944,Nankar,1,0.00
17612,"to push",1,0.00
18746,RBL,1,0.00
15571,Kulsath,1,0.00
17130,Bearded,1,0.00
18102,Durjanpur,1,0.00
16713,templa,1,0.00
19259,Dhanusa,1,0.00
18465,"Bara Gobindpur",1,0.00
17904,Devari,1,0.00
14130,Basque,1,0.00
5280,Byrathi,1,0.00
16050,"Mathura Chaubey",1,0.00
17756,Bhainsa,1,0.00
18887,"Limbi Bujurg",1,0.00
9741,Gajasthal,1,0.00
17272,"fort district",1,0.00
18268,"I wave",1,0.00
16239,"A couple of places",1,0.00
19514,NCR,1,0.00
15871,margora,1,0.00
17526,"Khisni Khurd",1,0.00
723,"Bhat Purawa",1,0.00
15496,Khurrampur,1,0.00
17015,"Maharajpur Urf Kakraura",1,0.00
18026,"Khande Dewar",1,0.00
16645,Ghansor,1,0.00
15410,Sohalpur,1,0.00
8161,know,1,0.00
16534,"Pali Badshahpur",1,0.00
16157,Basbatori,1,0.00
12448,Wazirganj,1,0.00
16347,"Tato Muraine",1,0.00
17668,"Jharu Majra",1,0.00
18795,Koriya,1,0.00
15606,Mahpur,1,0.00
17189,Jhanjheri,1,0.00
18142,Child,1,0.00
16749,"Malikmau Chaubara",1,0.00
17434,"Sisar Khas",1,0.00
448,Mittupur,1,0.00
16941,"Rasoolpur Dhaulri",1,0.00
17948,Friendly,1,0.00
16572,Jorapokhar,1,0.00
14827,Pandria,1,0.00
16462,"Risalu Khera",1,0.00
16087,"Jungle Rasoolpur No.1",1,0.00
17798,Jatwara,1,0.00
10329,"Pali Village",1,0.00
15712,Cairo,1,0.00
17323,Sanhouli,1,0.00
1378,measurements,1,0.00
15907,Role,1,0.00
893,Dautai,1,0.00
15533,Gopramau,1,0.00
17068,"Baruraj [East]",1,0.00
18064,Hulkhedi,1,0.00
16678,"Al Ain",1,0.00
17862,Barnagar,1,0.00
13241,Amiyawar,1,0.00
16387,"Kheri Sadh",1,0.00
16014,"Pipra Jatanpur",1,0.00
17708,Dighwara,1,0.00
18837,"West Jaintia Hills",1,0.00
9087,Jamunia,1,0.00
15639,Dhruvala,1,0.00
17230,"Mai Mirzapur Bangar",1,0.00
1056,Malhargarh,1,0.00
16784,Disgust,1,0.00
16203,Supela,1,0.00
15837,bahuts,1,0.00
15457,different,1,0.00
17991,"Vilemar Group",1,0.00
16607,Tantric,1,0.00
6833,Bahjoi,1,0.00
16399,"Bad Nagar",1,0.00
16026,"Gouspur True",1,0.00
17727,"Pachputi Jagtapur",1,0.00
15653,Jainpur,1,0.00
17246,"Ashraf Nagar",1,0.00
18210,Squirrel,1,0.00
1127,"Garhi Padla",1,0.00
16801,Titans,1,0.00
16215,Gahwan,1,0.00
19451,"Dehri Block",1,0.00
15849,Kambopura,1,0.00
17500,Gurana,1,0.00
623,manhgoli,1,0.00
16991,Chikni,1,0.00
16618,Bhagjhunki,1,0.00
15388,"Rund Karari",1,0.00
7073,Hamidpur,1,0.00
16509,khamra,1,0.00
16136,Khaga,1,0.00
17853,Khandauli,1,0.00
15763,Chuchrungpur,1,0.00
17391,Parinalwasa,1,0.00
2566,Sabalpur,1,0.00
16908,Menhdawal,1,0.00
16325,"Kothri Kalan",1,0.00
17635,Rajamahendravaram,1,0.00
15582,"Bhairpur Khajuria",1,0.00
17151,Anda,1,0.00
18116,Rahra,1,0.00
16725,Dashaari,1,0.00
19302,"West Sikkim",1,0.00
17403,Kadur,1,0.00
18487,"Khur Manian",1,0.00
360,Nimbri,1,0.00
17919,Babhni,1,0.00
14445,"Hirauta Stupid",1,0.00
5502,Chalkari,1,0.00
16438,"Stay Sarai",1,0.00
16061,Bakrai,1,0.00
17775,Barwal,1,0.00
9921,Godhanpur,1,0.00
15688,"Munavwar Ganj Urf Brenda",1,0.00
17289,Gadapali,1,0.00
16836,Dhaurra,1,0.00
16253,Sahejani,1,0.00
19536,GOKULDHAM,1,0.00
15884,Jarauda,1,0.00
17540,"Manjha Gosai",1,0.00
15507,Bhujond,1,0.00
17028,Shergarh,1,0.00
18039,Mandleshwar,1,0.00
16656,Mandhali,1,0.00
8501,Devlaspur,1,0.00
16548,Pudiparthi,1,0.00
16169,Neemla,1,0.00
12745,"Silua Pur",1,0.00
15797,Chhabariya,1,0.00
16360,Gainty,1,0.00
15989,Lily,1,0.00
17682,Khachroda,1,0.00
15618,Bibekpur,1,0.00
17201,Nephew,1,0.00
18159,"Khamod Anjana",1,0.00
16761,"Daurala Rural",1,0.00
19382,Nuapada,1,0.00
17452,"Chamrawali Bodaki",1,0.00
18561,Moosanagar,1,0.00
16954,"Pachenda Khurd",1,0.00
17964,Chas,1,0.00
16584,Bahu-Akbarpur,1,0.00
15028,"Naserpur Jamen Asnara",1,0.00
6141,"Until Suman",1,0.00
16473,Isanagar,1,0.00
16098,Pithuwala,1,0.00
17812,Telodih,1,0.00
10614,"Khajari Antu",1,0.00
15726,Kaithwal,1,0.00
17341,"Bori Kalan",1,0.00
1671,Mallehpur,1,0.00
16871,Goura,1,0.00
15919,"Toss aside",1,0.00
17587,Kripalpur,1,0.00
18719,"sandhan agra",1,0.00
929,belahra,1,0.00
15546,"Jangl Dhoosar",1,0.00
17093,Shekhpur,1,0.00
18079,"Sonbarsa Chakki",1,0.00
16689,Lekhmanpur,1,0.00
18402,Uttari,1,0.00
187,Kochi,1,0.00
17874,Dharisana,1,0.00
13532,Hatkachora,1,0.00
4553,Gumanpur,1,0.00
966,"Koyati Gunth",1,0.00
17117,Manjhanpur,1,0.00
18092,Jahandariya,1,0.00
16702,"Kaimhra Clan",1,0.00
17888,"Purkhas Rathi",1,0.00
13798,Alwalpur,1,0.00
4984,Panchayanpur,1,0.00
16412,Srinagar,1,0.00
16039,Ghutiari,1,0.00
17744,Prathvipura,1,0.00
9550,mother,1,0.00
15665,Chari,1,0.00
17260,Kuwarpur,1,0.00
1180,battles,1,0.00
16812,"Mahuapar Khas",1,0.00
16228,"Aeran Mirzapur",1,0.00
19487,"Thane taluka",1,0.00
15860,Antarctica,1,0.00
17511,"Rai Majra",1,0.00
685,Dhaka,1,0.00
15483,Katerganj,1,0.00
17002,Jonawas,1,0.00
18015,Binter,1,0.00
16633,"Lakshamanpur Gangapur",1,0.00
7771,"Kaula Chhapar",1,0.00
16521,"That&#39;s it",1,0.00
16147,Gijaraudh,1,0.00
2827,Saifpur,1,0.00
16336,Anything,1,0.00
15968,Gopiwala,1,0.00
17649,"Mahmudapur Khurd",1,0.00
15594,Jamunipur,1,0.00
18129,Rewna,1,0.00
16737,"Bilsar Patti",1,0.00
19326,Bhadrak,1,0.00
17422,Alote,1,0.00
424,"Sihpur East",1,0.00
16930,"Awara Chauri",1,0.00
17936,"Palia Sisala",1,0.00
16558,"Rautpar Amethia",1,0.00
14657,"Rampur Gauri",1,0.00
5700,days,1,0.00
16451,Murli,1,0.00
16077,Darauli,1,0.00
17786,Alinjiwakkam,1,0.00
10093,"Nima Kalan",1,0.00
15701,"Chaq Husaina Urf Chor Kariya",1,0.00
17305,Sherghati,1,0.00
1324,Phalauda,1,0.00
16847,Dahgaon,1,0.00
15896,"Shilottar Raichur",1,0.00
17555,Baragadia,1,0.00
15521,"War Khas",1,0.00
17041,Gokalgarh,1,0.00
18054,"Umi Kalan",1,0.00
16667,"Math Garib",1,0.00
15434,Meewa,1,0.00
8838,Chorahiya,1,0.00
3619,Bamhni,1,0.00
16002,"Mundia Malukpur Mustahkam",1,0.00
17698,Lahwar,1,0.00
8975,"Chhota Gobindpur",1,0.00
15629,Tharwai,1,0.00
18176,Tajpur,1,0.00
16774,"Bhani Badshahpur",1,0.00
16192,"Kasba Patti",1,0.00
15825,"Khyora Katari",1,0.00
17468,"Govindpur Kothaiya",1,0.00
548,"Kanhar Talibpur",1,0.00
15443,Malhari,1,0.00
16967,"Sursand Pashchimi",1,0.00
17978,Losal,1,0.00
6542,chard,1,0.00
16485,Dariyabad,1,0.00
17826,Khewasipur,1,0.00
11169,"Nagli Now",1,0.00
15740,Sunderpur,1,0.00
17359,Shivali,1,0.00
2068,Chalauli,1,0.00
16885,Heir,1,0.00
16296,Bhari,1,0.00
15931,"Salaiya Paharhai",1,0.00
18734,kaitwaliya,1,0.00
6837,Kulheri,1,0.00
16124,"Gausganj Sarai",1,0.00
17840,color,1,0.00
11662,Bachra,1,0.00
15752,Denva,1,0.00
2188,Razapur,1,0.00
16896,Jetalpur,1,0.00
16308,Chakarpur,1,0.00
15945,Dumraon,1,0.00
17615,Dafalpur,1,0.00
15572,Korah,1,0.00
17132,Loyabad,1,0.00
18103,"Swasa Khurd",1,0.00
287,"Dever Khan",1,0.00
17905,"Tarwa Tappa Sori",1,0.00
16426,"Nipaniya Kalan",1,0.00
16051,"Kala tree",1,0.00
17757,Ekdil,1,0.00
17273,Dharahra,1,0.00
1237,Bahauddin,1,0.00
16824,Khodiyar,1,0.00
19518,Hatima,1,0.00
15872,"Narainpur alias Pipra Bear",1,0.00
17527,Koshdihra,1,0.00
724,Turklalai,1,0.00
15497,Chamraula,1,0.00
17016,Dangguthina,1,0.00
16646,Panaithi,1,0.00
15412,Hanriya,1,0.00
8216,Mishrauli,1,0.00
16158,Protect,1,0.00
12458,Khori,1,0.00
3031,Vasai-Virar,1,0.00
16348,Taraigaon,1,0.00
15979,Pandhurna,1,0.00
17669,Chitarkoli,1,0.00
18796,Kanker,1,0.00
17190,Alibag,1,0.00
17436,Thavar,1,0.00
453,"Muzaffara Bagarpur",1,0.00
16573,"Nani Paniyali",1,0.00
14829,Mohan,1,0.00
5898,Karanchhapra,1,0.00
16463,"Chatnag Kachar Gair Abad",1,0.00
16088,Antu,1,0.00
17799,Gonch,1,0.00
10331,"Jhaua Bujurg",1,0.00
15714,Kazipura,1,0.00
17325,Manhad,1,0.00
18341,Yewalewadi,1,0.00
16860,Karhans,1,0.00
16275,"Train Saddle",1,0.00
15908,"Wajidpur Urf Rajepur",1,0.00
17571,"Dilari Changeri",1,0.00
895,"Rahimpur Bhagwan",1,0.00
15534,narrow,1,0.00
18065,Good,1,0.00
16679,Pocket,1,0.00
169,Raghavapalle,1,0.00
17863,"Abrahimpur Junedpur Urf Mozpur",1,0.00
13264,"Atal Nagar-Nava Raipur",1,0.00
4113,"Dhudhua Urf Bishunpur Ragho",1,0.00
16015,"Hiraniya Bardi",1,0.00
17711,Guntakal,1,0.00
18838,Karur,1,0.00
9097,"Aarsinagar Eraut",1,0.00
15642,"Peepal Heda",1,0.00
17231,Champatpur,1,0.00
18195,"Siana Saidan Village",1,0.00
1062,"Jaitia Sadullapur",1,0.00
16786,Gopiganj,1,0.00
16204,Ramb,1,0.00
19431,Bihar,1,0.00
15838,Sabour,1,0.00
17484,"Mohammadpur Maphy",1,0.00
15458,Dhangaon,1,0.00
16979,"Doondawala Mustakam",1,0.00
17992,Shelgera,1,0.00
16608,Bamaila,1,0.00
15377,"Rudalapur Bhaluhi",1,0.00
16400,Baikatpur,1,0.00
17728,Dhanonda,1,0.00
15655,Bajekan,1,0.00
17247,"Amorha Khas",1,0.00
18211,petlad,1,0.00
1130,Ronnie,1,0.00
16802,Goal,1,0.00
16216,Bharthia,1,0.00
19453,Kabirdham,1,0.00
15850,Jahangirabad,1,0.00
624,"ITBP Taradevi",1,0.00
18004,Sathaura,1,0.00
16619,"At a young age",1,0.00
15389,Kunwarpur,1,0.00
7122,Bharaundha,1,0.00
107,Bhind,1,0.00
16510,"Bagarpur Emma",1,0.00
16137,Padre,1,0.00
17854,Gadwal,1,0.00
11954,Todarpur,1,0.00
15764,Borkhedi,1,0.00
17393,Alampalayam,1,0.00
2568,Parshadpur,1,0.00
16909,Sangareddy,1,0.00
16326,"Kasba Bajiaft",1,0.00
15957,"Patti Kalan",1,0.00
17636,RolSabsar,1,0.00
18767,Pondicherry,1,0.00
15583,"in the tree",1,0.00
17153,Dhauni,1,0.00
18117,Kustore,1,0.00
16726,Darbar,1,0.00
19305,Una,1,0.00
17404,"Shanker Patti",1,0.00
17920,Pagrodihi,1,0.00
14464,"Dayanat Pur",1,0.00
16439,"Ganj Dinara",1,0.00
16062,Sandh,1,0.00
17776,Jalkuwa,1,0.00
18920,Balua,1,0.00
9938,Bihari,1,0.00
17290,"Chhota Chhindwara",1,0.00
18298,Makhanpur,1,0.00
16837,"Pipra Karam Chand",1,0.00
16254,Jahanabad,1,0.00
19537,Bodhgaya,1,0.00
15886,"Chak Abdul Rahim",1,0.00
17541,"Salempur Ghankar",1,0.00
15508,Santinagar,1,0.00
18040,Taricharkalan,1,0.00
16657,"And only",1,0.00
15424,Bharbhauli,1,0.00
8583,"Imratpur Udhaw",1,0.00
16549,Nazibpur,1,0.00
16171,Jaisinagar,1,0.00
12748,"Pittanheri Jhojha Kalan",1,0.00
3274,Aamwali,1,0.00
17683,"Mallya Khedi",1,0.00
15619,"Rampur Bakri",1,0.00
17203,Baqipur,1,0.00
18161,Mahanagar,1,0.00
16764,"Gudikheda Ryt",1,0.00
16181,Nautanwa,1,0.00
19384,"Dima Hasao",1,0.00
17453,Or,1,0.00
16955,"Basant Pura",1,0.00
17965,bowled,1,0.00
16585,Subhagpur,1,0.00
6142,"Chak Sadaili Urf Darwa",1,0.00
16474,"Baba Ladana",1,0.00
15727,"Nandpur Bita",1,0.00
17344,Kolgaon,1,0.00
1697,Kharkhara,1,0.00
16872,Murakati,1,0.00
16286,Amanullapur,1,0.00
15920,"Tola Karwamarni",1,0.00
17588,"Patiyali Dehat",1,0.00
931,Budhanpur,1,0.00
15547,Dudhakachkalan,1,0.00
17105,Sirnia,1,0.00
18080,"Kheri Munak",1,0.00
16690,"Dhamni Chhoti",1,0.00
192,sonars,1,0.00
17875,Mansukha,1,0.00
13600,"Budha Khera",1,0.00
15932,Loved,1,0.00
17601,Devchara,1,0.00
974,Manoharpur,1,0.00
15559,"Makhadum Pura",1,0.00
17118,Anjuna,1,0.00
18093,slang,1,0.00
16703,"Lagunia Suraj kanth",1,0.00
223,"Katiya Kalan",1,0.00
17889,Jagner-Dehat,1,0.00
13879,Jhapra,1,0.00
5029,Ahmadpur,1,0.00
16413,"Daultabad Motapur",1,0.00
16040,"Sarai story",1,0.00
17745,"Chak Shahabuddeenpur",1,0.00
9577,Najibabad,1,0.00
15666,"Pipal Khunta",1,0.00
17261,Rudauli,1,0.00
1192,Harry,1,0.00
16813,Ichalkaranji,1,0.00
16229,"Chak Ghazi",1,0.00
17512,"Atwa Ali Mardanpur",1,0.00
15484,"Bidanpur Kakorha",1,0.00
17003,"Pure Moment",1,0.00
18016,"Khurja Rural",1,0.00
16634,Sugar,1,0.00
15401,Ratansoti,1,0.00
7772,Kangthali,1,0.00
16522,skinny,1,0.00
16148,Raitha,1,0.00
16921,bisaura,1,0.00
16337,Enter,1,0.00
15969,Guruthi,1,0.00
17651,Devipura,1,0.00
18784,Cuttack,1,0.00
15595,Moai,1,0.00
17175,"with feet",1,0.00
18130,"Isarain Khurd",1,0.00
16738,"Kuchesar Road Chaupala",1,0.00
17423,"Mohari Kala",1,0.00
16931,Cherupuzha,1,0.00
16561,Rajadhar,1,0.00
14688,Suchai,1,0.00
5701,"Hari Kot",1,0.00
16452,Bindki,1,0.00
16078,Pupri,1,0.00
17788,Zirnia,1,0.00
10121,"Dhadni Bhanmal Rai",1,0.00
15702,Banbori,1,0.00
17307,Banjariya,1,0.00
1326,Hirauli,1,0.00
16848,Fatehganj,1,0.00
16265,pass,1,0.00
15897,farmer,1,0.00
17556,Chaura,1,0.00
836,aristocrat,1,0.00
17045,Sonkh,1,0.00
18055,driving,1,0.00
16668,"Budhana Garden",1,0.00
15435,"Belwa Rampur",1,0.00
8847,Budhera,1,0.00
12913,Jagama,1,0.00
3632,Risalu,1,0.00
16003,Kunwarpurjanu,1,0.00
8999,thorns,1,0.00
15630,Shobhapur,1,0.00
17219,Ahilapur,1,0.00
18178,Gohinda,1,0.00
16775,Hosur,1,0.00
16194,"Patkhuli Mustkle Samrat",1,0.00
15826,Chatela,1,0.00
17470,Khanapur,1,0.00
550,Asandapur,1,0.00
15448,lips,1,0.00
16968,"Chando alias",1,0.00
17979,Ismail,1,0.00
6544,"Madangarh Khas",1,0.00
16486,Sondra,1,0.00
16113,plate,1,0.00
17827,Khalidpur,1,0.00
11345,pandra,1,0.00
15741,Orajhar,1,0.00
17361,letter,1,0.00
16886,dudhello,1,0.00
16297,Bahrain,1,0.00
16609,Upardih,1,0.00
6875,Dedhuvane,1,0.00
16500,Ranipur,1,0.00
16125,Agkhedi,1,0.00
17841,date,1,0.00
15753,century,1,0.00
17375,"Datacholi Buzurg",1,0.00
2451,"Tibbi Raiyan",1,0.00
16897,ghamros,1,0.00
15947,"Sirsagoojar Mustehkam",1,0.00
17616,"Paren Mustakil",1,0.00
15573,"Alipur Ramhar",1,0.00
17133,"Bhai Amirpur",1,0.00
18104,fry,1,0.00
16716,Yerravalli,1,0.00
19267,"Dildarnagar Kamsar",1,0.00
290,"Shivlal Pura",1,0.00
17906,Debpur,1,0.00
14136,Simarahi,1,0.00
5369,"Sanjarpur Baljit",1,0.00
16427,Ghiwahi,1,0.00
16052,Bhadawal,1,0.00
17758,"Barauli Gujar",1,0.00
18890,Virudhunagar,1,0.00
9779,"Dilip Nagar",1,0.00
15677,Saithu,1,0.00
18274,worms,1,0.00
1243,salpur,1,0.00
16825,Tarapur,1,0.00
16241,Banikhedi,1,0.00
19522,Namakkal,1,0.00
17529,Kaguni,1,0.00
726,"Mansurpur Chamarua",1,0.00
15498,Gulkhedi,1,0.00
17017,"Saidpur Jagir",1,0.00
18030,Maujpur,1,0.00
16647,"Kazipura Sadat",1,0.00
15413,Nanakhedi,1,0.00
8226,Bamhodi,1,0.00
16536,Bhira,1,0.00
12468,"Dhanji Ka Tapra",1,0.00
15786,Gotegaon,1,0.00
16349,"Dabha Semar",1,0.00
15980,barman,1,0.00
17670,Gulaothi,1,0.00
18798,Golomonzi,1,0.00
15608,"the children",1,0.00
17191,Immediately,1,0.00
18144,"Alli Ahmadpur Urf Garhi",1,0.00
16751,Something,1,0.00
19354,"Volusia County",1,0.00
17437,Dharmtola,1,0.00
459,chailwa,1,0.00
16943,Bariyarpur,1,0.00
17950,Mine,1,0.00
16574,Bhitarwar,1,0.00
14830,Asked,1,0.00
16464,Kanehari,1,0.00
16089,Nichlaul,1,0.00
17800,Manona,1,0.00
17326,Khairimata,1,0.00
16861,"the corridors",1,0.00
16276,"Pipra Kanak",1,0.00
17572,Band,1,0.00
18708,"Deli Saraiya",1,0.00
896,Iuri,1,0.00
15535,Singhran,1,0.00
17070,Pipe,1,0.00
18066,"Guheta 3 Biswa",1,0.00
16680,blow,1,0.00
17864,"Nagriya Bahav",1,0.00
13333,Yakubpur,1,0.00
4130,sand,1,0.00
16389,Gordhanpura,1,0.00
17712,"Rampur Rampura",1,0.00
15643,Women,1,0.00
17232,wires,1,0.00
1076,Tailors,1,0.00
16788,Bhonrasa,1,0.00
19434,"Nawalpur District",1,0.00
15839,true,1,0.00
17485,Bisokhar,1,0.00
15459,Kalanderpur,1,0.00
16980,jacket,1,0.00
17993,Dangari,1,0.00
16401,Umairabad,1,0.00
16029,Bad,1,0.00
17730,Mandal,1,0.00
18856,Udalguri,1,0.00
15656,"how many",1,0.00
18212,Munds,1,0.00
16803,"Purbba Gopalpur",1,0.00
16217,"Ahiapur Maner",1,0.00
15851,Raya,1,0.00
17502,Rausen,1,0.00
15473,"Mau Aima",1,0.00
16993,"Hazipur Patauna",1,0.00
18005,Chhateni,1,0.00
15390,Salarpur,1,0.00
7206,Uprari,1,0.00
16511,Deoha,1,0.00
16138,"Gangapur Gosain",1,0.00
17857,Kachnar,1,0.00
11974,hill,1,0.00
15765,"Ancient History",1,0.00
17394,Paunar,1,0.00
2607,"Gosar Pur",1,0.00
16910,Sudanpur,1,0.00
16327,"Rati Bhanpur",1,0.00
15958,Iglas,1,0.00
17637,Ain,1,0.00
18769,"Jind District",1,0.00
15585,"Dhabla Rehwari",1,0.00
18118,Sirsoda,1,0.00
16727,"Mahmud Barsai",1,0.00
19306,Chamarajanagar,1,0.00
17405,Kemri,1,0.00
17921,Barotiwala,1,0.00
14465,removed,1,0.00
16440,Damwara,1,0.00
16063,"Rasulpur Kalan",1,0.00
17777,"Mathura Pur",1,0.00
18924,"Clinton County",1,0.00
15690,"Kachnav Khurd",1,0.00
17291,Jewar,1,0.00
1279,"Pati Afghanistan",1,0.00
16838,Harnathpur,1,0.00
16255,Narora,1,0.00
19539,Kodagu,1,0.00
15887,Joshimath,1,0.00
17542,Rahika,1,0.00
780,Hidaytpur,1,0.00
15510,Nighasan,1,0.00
17030,Gijarod,1,0.00
18041,Chachaura-Binaganj,1,0.00
16658,Salwai,1,0.00
8616,scholarships,1,0.00
16550,Kothar,1,0.00
12779,Joramo,1,0.00
15799,Usuru,1,0.00
3476,Bishunipur,1,0.00
16363,Golagarh,1,0.00
17684,"Sisai Haidar",1,0.00
15620,Robertsganj,1,0.00
17204,Ranjitpur,1,0.00
18162,"with us",1,0.00
16765,Arhedi,1,0.00
19385,Sarlahi,1,0.00
16957,Banjari,1,0.00
16586,"Khar Ka Pura",1,0.00
15130,Jagdishpur,1,0.00
16475,Chikkaballapur,1,0.00
16101,Kolhaura,1,0.00
17814,Gokulpur,1,0.00
10706,Surankotura,1,0.00
15728,Raigaon,1,0.00
17346,Bilkheda,1,0.00
1702,Gosaidh,1,0.00
16873,Kachanpur,1,0.00
16287,Babpur,1,0.00
15921,"Pratap Chhapara",1,0.00
17590,"Kazmabad Goon",1,0.00
15548,"coat of arms",1,0.00
17107,Alum,1,0.00
18083,Rataul,1,0.00
19174,Goalpara,1,0.00
18406,Nazarpura,1,0.00
17876,Sosandi,1,0.00
4583,thought,1,0.00
16298,Chhatauli,1,0.00
15933,Man,1,0.00
17603,Kasrawad,1,0.00
15560,Sisai,1,0.00
17119,"Kurthi Diha",1,0.00
18094,Jaora,1,0.00
16704,"Motipur Kalan",1,0.00
18443,"Oghat Khapri",1,0.00
17890,"I drive",1,0.00
13880,tear,1,0.00
5083,Cherakhera,1,0.00
16041,Jamura,1,0.00
17746,"Chak Fazalpur",1,0.00
15667,Zerpur,1,0.00
17262,Pitaunjia,1,0.00
16814,Pranpura,1,0.00
16230,Goila,1,0.00
19489,KSHAMA,1,0.00
15862,Barbigha,1,0.00
17514,Chautala,1,0.00
15485,Jagannathpur,1,0.00
18017,Narauli,1,0.00
16635,Baghda,1,0.00
7790,"Tikaula Kalan",1,0.00
16524,Mirkhedi,1,0.00
16149,Bajpai,1,0.00
15776,Sakoti,1,0.00
2846,Latghat,1,0.00
16922,Haggai,1,0.00
16338,"Sarai Chaimal",1,0.00
15970,Phoolpur,1,0.00
17653,Gairatganj,1,0.00
15596,Jhonjhi,1,0.00
17176,Karsari,1,0.00
18131,Pichhore,1,0.00
16739,Dhuwa,1,0.00
19332,Ar-Riyad,1,0.00
18519,Barnahal,1,0.00
16932,Mubarikpur,1,0.00
17939,Dharhara,1,0.00
16562,"Windows NO.II",1,0.00
14691,dhumri,1,0.00
5702,Manglaur,1,0.00
16453,Honhemorha,1,0.00
16079,Konch,1,0.00
17790,nastgawan,1,0.00
10205,"Butane Kundu",1,0.00
15703,Khurda,1,0.00
17311,"Dev Rampur",1,0.00
1327,America,1,0.00
16850,Bhawar,1,0.00
17557,"Saheb Chhapra",1,0.00
18690,Sindhudurg,1,0.00
846,"Imiliya Kheda",1,0.00
18056,"to the tour",1,0.00
12930,ajjabad,1,0.00
16376,"Jhorar Rohi",1,0.00
16004,"Chota Sijulata",1,0.00
17700,Mahthaur,1,0.00
18828,Uttarkashi,1,0.00
9047,Arjuna,1,0.00
15631,"Impetuous Kithor",1,0.00
18179,portal,1,0.00
16776,Mahuapatan,1,0.00
19414,Tursain,1,0.00
15827,Hasnapur,1,0.00
17471,Chauda,1,0.00
551,"Kathia Hariram",1,0.00
15449,Bheekampur,1,0.00
16969,cariawan,1,0.00
17980,Sidhpura,1,0.00
15353,Kethora,1,0.00
16487,"Nanheda Anantpur",1,0.00
17828,"Hajipur Mo Alampur",1,0.00
11376,Murtizapur,1,0.00
15742,Dahaur,1,0.00
17362,Ashnera,1,0.00
2111,Dulhapur,1,0.00
16887,bloom,1,0.00
596,capacity,1,0.00
15460,Madhawan,1,0.00
16981,Karanpur,1,0.00
17994,Subhanpur,1,0.00
16610,"Siswar Kala",1,0.00
15379,Rahiwada,1,0.00
6908,Garhutia,1,0.00
16501,Mohrub,1,0.00
16126,Frames,1,0.00
17842,Kaserwakhurd,1,0.00
11709,Badausha,1,0.00
15754,Palia,1,0.00
17377,Ajnoll,1,0.00
2478,"get up",1,0.00
16898,Asmayalpur,1,0.00
16310,"Gosain Continent",1,0.00
17617,"Farezarabad Mass",1,0.00
15574,"Khutaha West",1,0.00
17134,Bhandsar,1,0.00
18105,Gumthal,1,0.00
16717,Garphandiya,1,0.00
291,joura,1,0.00
17907,Rattle,1,0.00
14137,Israuli,1,0.00
5424,Suddy,1,0.00
16428,Sonkatch,1,0.00
16053,"Nari Pachdewra",1,0.00
17760,"Marai Kalan",1,0.00
18891,Rutshuru,1,0.00
9791,"Joydev Kenduli",1,0.00
15678,Bhaisahiya,1,0.00
17277,"Shahab Pur",1,0.00
1244,"Ghaso Kalan",1,0.00
16826,Manakdiha,1,0.00
16242,Chakra,1,0.00
19524,"Bagaha-2 Block",1,0.00
15874,"Bharsoli Jangle",1,0.00
17531,"Abdullapur Modi",1,0.00
15499,Bagonwali,1,0.00
17018,free,1,0.00
18031,Hemrajpur,1,0.00
16648,Salwan,1,0.00
15414,Sirondhan,1,0.00
16538,"Jungle No9",1,0.00
16160,"Bhaisuria Mujahidpur",1,0.00
12469,Anawarpur,1,0.00
15788,Gajraula,1,0.00
3042,Mihona,1,0.00
16350,Hardikothar,1,0.00
17671,"Repora Rampur Bali",1,0.00
18799,"Zahran Al Janub",1,0.00
15609,Ganguli,1,0.00
17192,palojori,1,0.00
18145,Makandpur,1,0.00
16752,barohi,1,0.00
19355,"Jind Tehsil",1,0.00
17440,Nonbatta,1,0.00
16945,"Chak Shadi Nagar",1,0.00
17951,"Randhir Pur",1,0.00
14846,Kuchesar,1,0.00
16465,Chirimiri,1,0.00
16090,Kirtaul,1,0.00
17801,Kalalti,1,0.00
10401,small,1,0.00
15716,Ashrafghar,1,0.00
17329,Barsaita,1,0.00
1461,Shahpur,1,0.00
16863,"Jakhod Khera",1,0.00
16277,"Jyorah Kalyanpur",1,0.00
17573,"in trouble",1,0.00
897,Phoolan,1,0.00
15536,Soon,1,0.00
17073,Jahangirpur,1,0.00
18068,"Bisunpur Mafi",1,0.00
19111,Aizawl,1,0.00
17865,Vijaipur,1,0.00
13368,Paibandabad,1,0.00
16017,Mangala,1,0.00
17713,Dulahipur,1,0.00
9121,Shaulana,1,0.00
17233,deoranian,1,0.00
18197,"I&#39;m afraid",1,0.00
1081,Saguaro,1,0.00
16206,"Khanpur Masodha",1,0.00
17486,"Goraita Shri Ram",1,0.00
4603,Kannod,1,0.00
16402,"Barat Pahari",1,0.00
16030,Puraini,1,0.00
17732,Sonpuri,1,0.00
15657,Rawli,1,0.00
17249,Sankhol,1,0.00
18213,"khardon Kalan",1,0.00
16804,"Ch. Sir Chhotu Ram Nagar",1,0.00
16218,Mansukhpur,1,0.00
19463,Morang,1,0.00
15852,curls,1,0.00
17503,mortaka,1,0.00
632,"Dabki Junardar",1,0.00
15475,"Jungal Bujurg",1,0.00
16994,Jatipura,1,0.00
18006,Bilhaur,1,0.00
16621,Motipur,1,0.00
15392,"Shekhwala Grunt",1,0.00
7207,Read,1,0.00
16512,"Kherli Kankar",1,0.00
16139,"Ram Daspur Nevada",1,0.00
17858,Ghunghrawli,1,0.00
12041,"Banipara Maharaj",1,0.00
17395,"Saidpur Khurd",1,0.00
2642,"Sarae Muzaffar",1,0.00
16912,Madhoganj,1,0.00
16328,Mochipur,1,0.00
17638,Kaimganj,1,0.00
18770,Bangla,1,0.00
15586,"Lakhma Khedi",1,0.00
17156,Kesariya,1,0.00
18119,Malak,1,0.00
19307,Mukher,1,0.00
17406,"Raoli Kalan",1,0.00
18493,Dupariya,1,0.00
17922,"stop them",1,0.00
14476,"Chhota Bass",1,0.00
16441,Rabhra,1,0.00
16068,Gohana,1,0.00
17778,"Jamburdi Sarwar",1,0.00
18930,Engul,1,0.00
9940,Faijullahpur,1,0.00
15691,Madiya,1,0.00
1281,Barehat,1,0.00
16839,Bahariya,1,0.00
19543,Golaghat,1,0.00
17544,Madanpur,1,0.00
17031,Mauranipur,1,0.00
18043,Raibigo,1,0.00
8677,"temple day",1,0.00
16551,guilt,1,0.00
12782,Babri,1,0.00
15800,Delha,1,0.00
16365,"Pratap Ganj",1,0.00
15994,Bilonasera,1,0.00
17685,Khokariya,1,0.00
18813,Tiruchirappalli,1,0.00
15621,hold,1,0.00
17206,Beholi,1,0.00
18164,"Feel Nagar",1,0.00
16766,Mokalgaon,1,0.00
16183,Bubakpur,1,0.00
16958,Pipaldhar,1,0.00
17967,Nindana,1,0.00
16587,Argamo,1,0.00
6211,Sarawan,1,0.00
16476,"Pure Tilakram",1,0.00
16103,Uniform,1,0.00
17816,Narnaund,1,0.00
10807,Since,1,0.00
15731,Baghmara,1,0.00
17347,Marhowrah,1,0.00
1759,"Pipalya Nath",1,0.00
16874,"Poore Diwan",1,0.00
16288,Puranhia,1,0.00
15922,Tanakpur,1,0.00
17591,Kelod,1,0.00
18722,Garhia,1,0.00
933,Sakarwat,1,0.00
15549,Amliphaliya,1,0.00
18084,Thengha,1,0.00
16692,Machariya,1,0.00
17877,Balgam,1,0.00
13603,Belbharia,1,0.00
16299,Mirjapur,1,0.00
15934,Dorinagar,1,0.00
17604,gambling,1,0.00
976,Harsinghpur,1,0.00
15561,"Ali Brahman",1,0.00
17121,"Raja Ka Tajpur",1,0.00
18095,"Sawali Kheda",1,0.00
16705,Atail,1,0.00
19242,"Ram Nagar Block",1,0.00
238,Kharagpur,1,0.00
17894,Baliyali,1,0.00
13912,Chafriya,1,0.00
5225,peaks,1,0.00
16043,Sigarpur,1,0.00
17747,Manikpur,1,0.00
18873,Haveri,1,0.00
9588,"Radhna Inayatpur",1,0.00
17264,Khajauli,1,0.00
18235,Sanwreej,1,0.00
1197,Phallar,1,0.00
16815,Kargaina,1,0.00
16231,"Kadaiya Kalan",1,0.00
19496,Tirupattur,1,0.00
18643,Hiramanpur,1,0.00
710,Bachelor,1,0.00
15486,"Garhi Alawalpur",1,0.00
17006,Saikheda,1,0.00
18018,marripadu,1,0.00
16636,goats,1,0.00
15403,"Semra Shahpur",1,0.00
16525,Maner,1,0.00
16150,Daudnagar,1,0.00
12190,Please,1,0.00
15777,coltha,1,0.00
2887,Sheikhupur,1,0.00
16339,"Salauddin Pur",1,0.00
15971,"Karondi Mangarh",1,0.00
17655,Beohari,1,0.00
17177,acre,1,0.00
18132,Acholi,1,0.00
16742,Satpokhari,1,0.00
17426,tall,1,0.00
431,Jamli,1,0.00
16933,"Rampur Bhawanipur",1,0.00
17940,"King Umari",1,0.00
16563,Nayur,1,0.00
5704,"Bhogli Ahtmali",1,0.00
16454,Chanlidiya,1,0.00
16080,"Mundia Khera",1,0.00
17791,Jamsing,1,0.00
19024,"Lee County",1,0.00
10208,Telinangli,1,0.00
15704,Time,1,0.00
17312,"Sikandar Pur",1,0.00
16267,Bagadara,1,0.00
15899,Narawala,1,0.00
17558,Larpur,1,0.00
857,Khetalpur,1,0.00
15525,Bella,1,0.00
17051,"Say 568",1,0.00
18057,"Nasirpur Kodari",1,0.00
16670,advises,1,0.00
15437,Dawatpur,1,0.00
8876,Bahadarpur,1,0.00
12932,Gudeli,1,0.00
3784,"Khagipur Sadwa",1,0.00
16377,Junapani,1,0.00
16005,Belauri,1,0.00
18829,"Gorod Voronezh",1,0.00
9048,"Sumahi Mohan Singh",1,0.00
15632,Puwardadai,1,0.00
17221,goithaha,1,0.00
18182,fare,1,0.00
1022,Gardener,1,0.00
16777,Tekri,1,0.00
16196,Youth,1,0.00
19416,Kandhamal,1,0.00
15829,Chhutmalpur,1,0.00
17472,"Nagla Abua",1,0.00
555,"Rasulpur Karmahri",1,0.00
16970,"long ago",1,0.00
17981,"Dhani Lachman",1,0.00
16599,Bahbalpur,1,0.00
15357,Simariya,1,0.00
6580,Gang,1,0.00
16490,Begampur,1,0.00
16115,Ragaul,1,0.00
17830,Tendukheda,1,0.00
11504,Kauriram,1,0.00
15743,Mankenda,1,0.00
17363,Sanpka,1,0.00
2123,"Saiyed Sarawan",1,0.00
16888,"Arjun Baroda",1,0.00
15841,Khashu,1,0.00
17489,Shumba,1,0.00
598,Amoti,1,0.00
16982,"Alipur Gijhauri",1,0.00
17995,Indaur,1,0.00
16611,"Mila Ayama",1,0.00
15381,"Nandanwadi Mal.",1,0.00
6940,Nakipur,1,0.00
16502,purchase,1,0.00
16128,Kadipur,1,0.00
17843,Bachhpur,1,0.00
11710,Birnai,1,0.00
15755,"Sirsal Darkaoda",1,0.00
2505,Dharmaili,1,0.00
16899,Surana,1,0.00
16311,Chinashapur,1,0.00
15949,Padmanabhpur,1,0.00
18751,Yumbo,1,0.00
15575,Used,1,0.00
17137,"Pavi Sadakpur",1,0.00
18106,"Chandu Nagala",1,0.00
16718,pandal,1,0.00
17908,Garatol,1,0.00
5454,Goraiya,1,0.00
16429,foundation,1,0.00
16054,"Arjaheri Village",1,0.00
17762,Sarbaha,1,0.00
15679,Devsar,1,0.00
17278,Damkora,1,0.00
18284,condition,1,0.00
16243,Ghatampur,1,0.00
19525,"North Tripura",1,0.00
15877,Telepara,1,0.00
17533,Anandi,1,0.00
736,Bharawan,1,0.00
17020,Saturday,1,0.00
16649,Dahendu,1,0.00
8229,"To morning",1,0.00
16539,Secunderabad,1,0.00
16161,"Nonha Kalan",1,0.00
12473,"Saeo Patti Banger",1,0.00
16351,kitchen,1,0.00
15982,Khandar,1,0.00
17672,things,1,0.00
17193,Burhakhap,1,0.00
18146,"Suthana Barsola",1,0.00
16753,trust,1,0.00
19361,"North Bastar Kanker",1,0.00
17443,Waisar,1,0.00
18546,Chamarpura,1,0.00
16946,"Samar Singh",1,0.00
17952,Ranaira,1,0.00
16576,Delauna,1,0.00
14847,Dalelgarh,1,0.00
6065,Mahdeiya,1,0.00
16466,"Sohna Rural",1,0.00
16091,mahodra,1,0.00
10418,Siltar,1,0.00
15717,Nounpur,1,0.00
17331,Karsara,1,0.00
18350,Usawan,1,0.00
1462,"bazaar students",1,0.00
16864,Malara,1,0.00
15911,Bhairopur,1,0.00
18710,"Chater Kheda",1,0.00
901,Jalwara,1,0.00
18069,"Ajner boiler",1,0.00
16682,Nasrullaganj,1,0.00
17866,Babu,1,0.00
13394,Bangherimahabatpur,1,0.00
4219,Dhodhai,1,0.00
16018,Harballabhpur,1,0.00
17715,Bhalugarh,1,0.00
9143,Samod,1,0.00
15645,Gumanpura,1,0.00
17234,"City Taluka Mahmudpur",1,0.00
18198,"Gangapur Patia",1,0.00
16793,Kathwara,1,0.00
16207,Lead,1,0.00
13610,Murila,1,0.00
4668,"Kosikalan Rural",1,0.00
16403,Joya,1,0.00
16031,Raghopur,1,0.00
17733,Sherdeeh,1,0.00
9277,Chiklya,1,0.00
17251,dog,1,0.00
18214,Sarayindrawat,1,0.00
16805,Hingti,1,0.00
19470,munsurpur,1,0.00
15853,alode,1,0.00
17504,Chanduwas,1,0.00
638,Jhaetera,1,0.00
15476,Gausganj,1,0.00
16995,Kabeerganj,1,0.00
18007,Khandewara,1,0.00
16626,Raiwala,1,0.00
15393,Kamolia,1,0.00
16514,Barwad,1,0.00
16140,Mahrauni,1,0.00
17859,Makula,1,0.00
12042,Seve,1,0.00
15767,tetria,1,0.00
17397,eh,1,0.00
2643,Bhorha,1,0.00
16329,"Asrawad Khurd",1,0.00
15960,Chakarbhatha,1,0.00
17640,Digal,1,0.00
15587,Bindgawan,1,0.00
17157,Ekalbihari,1,0.00
18120,"Killi Nihal Singhwali",1,0.00
16730,Pirara,1,0.00
19308,Alone,1,0.00
18494,Al-Ahsa,1,0.00
379,Bhadawan,1,0.00
16923,Daudpur,1,0.00
17923,Bhainsai,1,0.00
16443,Bamhauri,1,0.00
17779,"Asrawe Kalan",1,0.00
9941,Lakhna,1,0.00
15692,"Ramnagar Kashipur",1,0.00
17294,Govindgarh,1,0.00
1282,"Behta Kalan",1,0.00
16840,kandra,1,0.00
16257,Mandapeta,1,0.00
15889,Kalanwali,1,0.00
17545,"Madan Sath",1,0.00
15512,Ararpakar,1,0.00
17032,"Nangal Sabha",1,0.00
18044,"Sabalpur Pachami",1,0.00
16660,Parsauhiya,1,0.00
15427,Unchehara,1,0.00
16552,Brother,1,0.00
16174,"Mada Patna",1,0.00
3539,Khaneta,1,0.00
16366,Darwha,1,0.00
18815,Gajapati,1,0.00
17207,"Telia Chak",1,0.00
18167,Muraura,1,0.00
16767,Salons,1,0.00
17456,"in the light",1,0.00
18570,Bigaura,1,0.00
505,Jhapara,1,0.00
16959,Wear,1,0.00
17970,Umrao,1,0.00
6239,Sherkot,1,0.00
16104,Madhuban,1,0.00
10927,Samain,1,0.00
15732,Gotra,1,0.00
17348,Rhode,1,0.00
1836,Tiwaripur,1,0.00
16289,Kathakoni,1,0.00
15923,Fulwari,1,0.00
17592,Ghatiyabhana,1,0.00
937,"Pochhiya Brhm Asthan",1,0.00
18085,"Akos Bangar",1,0.00
19190,Balod,1,0.00
199,miss,1,0.00
17878,Chhadwana,1,0.00
16889,Kathmandu,1,0.00
16300,Gogana,1,0.00
15935,"Sandal Kalan",1,0.00
17605,Sirsia,1,0.00
977,"to us",1,0.00
15562,"Jungle Jagdishpur",1,0.00
17122,Hammer,1,0.00
18096,Baheri,1,0.00
16706,"Dharammarpur Uparwar",1,0.00
242,Leave,1,0.00
17895,"Farukh Nagar",1,0.00
14009,"Naqipur Bamnouli",1,0.00
5226,tapra,1,0.00
16417,"Kishunpur Kodia",1,0.00
16044,"Vehicle Fac. Jabalpur",1,0.00
17748,Sikrori,1,0.00
9591,Daulpuri,1,0.00
15669,"Manga Patti",1,0.00
17265,nature,1,0.00
1198,Buchakpur,1,0.00
16816,Forbesganj,1,0.00
19499,Peddapalli,1,0.00
15865,Bamor,1,0.00
17517,"Samra Naserpur",1,0.00
18645,Excavator,1,0.00
711,See,1,0.00
15487,"Rajpur Rayti",1,0.00
18019,"Sleeping Rural",1,0.00
15404,Langari,1,0.00
8073,"Bhourha Pure Ganga",1,0.00
16527,"only Sarai",1,0.00
16151,Thakarda,1,0.00
12201,"Mohammadpur Sottar",1,0.00
15778,Jaito,1,0.00
2896,Balaujha,1,0.00
16340,Nabha,1,0.00
15972,"Byorkasmabad Sikanderpur Urf H",1,0.00
17657,Akaldhara,1,0.00
15599,"Madona Jafrabad",1,0.00
17178,"Chhapra urf Chaku Chhapra",1,0.00
18133,Shamsherpur,1,0.00
16743,"Baburi Garbi",1,0.00
17427,"Arazitalvant Ray",1,0.00
16934,pandedih,1,0.00
17941,"Bichpuri T. Jogi Ther",1,0.00
14733,Mangaluru,1,0.00
5705,Ahraura,1,0.00
16081,Pahasu,1,0.00
17792,Mahrauli,1,0.00
19025,Rupandehi,1,0.00
10217,Bijhauli,1,0.00
15705,knee,1,0.00
17314,Nayapura,1,0.00
1337,Chirpura,1,0.00
16852,"Nagla Umer",1,0.00
15900,sehwar,1,0.00
17559,Bandjhi,1,0.00
865,Jhinjhak,1,0.00
17052,Misripur,1,0.00
18058,salah,1,0.00
16671,"Aueiya Pur",1,0.00
15438,"internal medicine",1,0.00
8877,"Khairi Must",1,0.00
12933,Newal,1,0.00
3854,"Telri alias Pachaur",1,0.00
16379,"Alauddin Patti",1,0.00
17702,"Raja Nagar",1,0.00
15633,Saidapur,1,0.00
17222,Gadauli,1,0.00
18186,Khanna,1,0.00
16778,Sanwer,1,0.00
19418,Varatara,1,0.00
15831,Sonturpi,1,0.00
17474,Chuhi,1,0.00
18589,Ri-Bhoi,1,0.00
561,Jalesar,1,0.00
15451,Sonera,1,0.00
16971,Jhawar,1,0.00
17982,Sangaria,1,0.00
16600,Keep,1,0.00
6583,Shahbazpur,1,0.00
16491,Sabdalpur,1,0.00
16116,Karrapur,1,0.00
17831,Newada,1,0.00
11572,"Bishankheda Village",1,0.00
17364,Jauri,1,0.00
2139,Bhogon,1,0.00
16208,"Goyal Khedi",1,0.00
19443,"Imphal East",1,0.00
17490,Janwasa,1,0.00
600,"Urla Jagir",1,0.00
15464,Amdan,1,0.00
16983,"Bala Tanr",1,0.00
17996,"Isapur Banger",1,0.00
16612,"Kheri Taloda",1,0.00
15382,"Jiginian Munjapta",1,0.00
16503,"Sarroi Bazar",1,0.00
16129,Meghwa,1,0.00
17844,Kalibillod,1,0.00
11711,"Shakkar Khedi",1,0.00
15756,Deobari,1,0.00
2508,Bijainagar,1,0.00
16900,Landran,1,0.00
16312,Susan,1,0.00
17139,Barthara,1,0.00
18108,Kundarki,1,0.00
16719,"Mandai Kalan",1,0.00
19275,"Amphoe Chaloem Phra Kiat",1,0.00
296,Rajpur,1,0.00
17910,"Qutab Puri Buzarg",1,0.00
14177,Bojhi,1,0.00
16430,Badarkha,1,0.00
16055,Basbitti,1,0.00
17763,"Enait Nagar Grant",1,0.00
18893,"Broward County",1,0.00
9804,"Turn down",1,0.00
15680,Koratha,1,0.00
17279,Narhat,1,0.00
16829,Junidhal,1,0.00
16245,Mahawatgarh,1,0.00
15878,"Godahiya No. 1To 4",1,0.00
17534,Atesar,1,0.00
741,"Gangbarar Chitawan Patti",1,0.00
15501,Dimension,1,0.00
17021,Panchmahla,1,0.00
18033,Meghpar,1,0.00
16650,Afzalgarh,1,0.00
15417,Raitanda,1,0.00
16540,"Khalakpur Khurd",1,0.00
16163,Goad,1,0.00
12524,Saints,1,0.00
3148,Tigaon,1,0.00
16352,Jagra,1,0.00
15983,Khatauli,1,0.00
17675,Bidwal,1,0.00
18801,Gidorhat,1,0.00
15612,"Kalinjara Urf Badalganj",1,0.00
17194,Daughter,1,0.00
16755,Nimatpur,1,0.00
19364,Bahadurabad,1,0.00
17444,Barasath,1,0.00
16947,Barwaha,1,0.00
17953,"Kedli Khurd",1,0.00
16577,Doha,1,0.00
14853,Khanota,1,0.00
16467,Pachra,1,0.00
16092,stick,1,0.00
17804,"Tanda Kothi",1,0.00
10450,Ratanpur,1,0.00
15718,Maandi,1,0.00
17332,Rachaurah,1,0.00
1463,barrel,1,0.00
16865,Pastana,1,0.00
16279,Radaur,1,0.00
17578,Ashothar,1,0.00
18711,Tumkur,1,0.00
15539,Tirupati,1,0.00
17077,"Majhiari Amad Chail",1,0.00
18070,Matrameta,1,0.00
16683,Bhithauli,1,0.00
181,"Sachin INA",1,0.00
17867,Matiyari,1,0.00
13439,Wornar,1,0.00
4220,madhaipur,1,0.00
16393,Mahrajgaunj,1,0.00
16019,Chilkana,1,0.00
17716,"Special Sanauri",1,0.00
9144,Mirghan,1,0.00
17235,Ratikar,1,0.00
18199,Rajganj,1,0.00
1094,"Yaqutpur Yaqutpur",1,0.00
17880,Bhursandi,1,0.00
4690,Khanak,1,0.00
16404,Mandhai,1,0.00
16032,knit,1,0.00
17736,Bichpadi,1,0.00
18861,Thiruvarur,1,0.00
9289,"Madhawapur Raghunath",1,0.00
15659,Uchakgaon,1,0.00
17252,Akbalpur,1,0.00
18215,Qasimabad,1,0.00
1151,Hasangarh,1,0.00
16806,Shimla,1,0.00
16221,"Asoda Todran",1,0.00
17505,"Sisai Mafi",1,0.00
641,seagull,1,0.00
15477,"Devgarh Kamasin",1,0.00
16996,"Sarkara Karim",1,0.00
18008,Sergarh,1,0.00
16627,Narach,1,0.00
15394,Jharpo,1,0.00
16141,"Hidu Khera",1,0.00
17860,"We are",1,0.00
12047,Mahbubnagar,1,0.00
15768,"Barkheda Rathaur",1,0.00
17398,dirty,1,0.00
16914,Reply,1,0.00
16330,"Nagla Chhattu",1,0.00
18774,"Atthaisa Gonda",1,0.00
15588,"Hakimpur Disaundhi Ahatmali",1,0.00
18123,"Jagatpur Sahil",1,0.00
16731,"Pat Khauli",1,0.00
19310,Washim,1,0.00
17410,Ekawana,1,0.00
16924,"Bahrampur urf Masankhon",1,0.00
17927,Deorakha,1,0.00
14561,"Mohamadpur Muslim",1,0.00
16444,"Chak Barauna",1,0.00
16070,Gidhili,1,0.00
17780,Aewaria,1,0.00
9942,Nainpur,1,0.00
15693,"Bari Anjaniya",1,0.00
17296,Renusagar,1,0.00
18306,Kusarhi,1,0.00
1303,"Rasulpur Diyara",1,0.00
16841,Nazirpur,1,0.00
15513,"You will be Pipria",1,0.00
18045,Baded,1,0.00
16661,Kalipathar,1,0.00
15428,"Al Jubayl",1,0.00
8736,Kauria,1,0.00
16175,"Ratta Theh",1,0.00
12785,Baikunthpur,1,0.00
16367,"they fell",1,0.00
15996,Dangipar,1,0.00
17688,Katghora,1,0.00
18816,Vizianagaram,1,0.00
15623,"Niralsi Urf Makh Kheri",1,0.00
17208,Dholu,1,0.00
18169,Ashanandpur,1,0.00
16185,Didaura,1,0.00
19390,Parsa,1,0.00
17457,Rohnath,1,0.00
506,Hinotiya,1,0.00
16961,Sonoera,1,0.00
17971,Bichaula,1,0.00
16589,Turkpatti,1,0.00
15152,Vinakpura,1,0.00
6253,"Haripur Harisingh",1,0.00
16478,Sarmera,1,0.00
16105,Karopi,1,0.00
17819,Lupunggutu,1,0.00
15733,corpse,1,0.00
17349,Badel,1,0.00
1931,howdy,1,0.00
16877,"When she was",1,0.00
16290,"Prataptand East",1,0.00
17593,"Ramkola Maphi",1,0.00
938,Bhuria,1,0.00
15551,Cast,1,0.00
17110,Ramual,1,0.00
18086,"Garhi Madhosingh",1,0.00
16694,"But Tikahar",1,0.00
18413,Barkapur,1,0.00
200,Angarpathar,1,0.00
15745,Karchana,1,0.00
17366,Pure,1,0.00
2140,Parsoriya,1,0.00
16890,"Dumri Kalan urf Madhuban Jadu",1,0.00
16301,Tirauli,1,0.00
18740,Rasiwas,1,0.00
17123,Nanhera,1,0.00
18097,"Pasiya Pura",1,0.00
16707,Sultanganj,1,0.00
18447,feeling,1,0.00
17896,Baman,1,0.00
14018,"Karanawala Khalsa",1,0.00
5227,Mundlana,1,0.00
16419,Churamanpur,1,0.00
16045,Ramgarh,1,0.00
17751,"Nagla Bihari",1,0.00
15670,Pabapur,1,0.00
17266,"Parvar Pashchim",1,0.00
16817,Soorgaon,1,0.00
16233,Nandipulam,1,0.00
19500,Puri,1,0.00
15866,France,1,0.00
17518,Nallaganakothapalli,1,0.00
15489,Samchana,1,0.00
18020,"Bakarpur Bank",1,0.00
16640,Navalpur,1,0.00
15405,Fulsungi,1,0.00
8074,Khoh,1,0.00
16529,Garhakota,1,0.00
16152,Lose,1,0.00
12294,Okari,1,0.00
2945,"Bhir Khas",1,0.00
16342,"Basahara Tarhar",1,0.00
15973,Utrethu,1,0.00
17658,Komarapalayam,1,0.00
15600,Balahpur,1,0.00
17181,Jitwaria,1,0.00
18135,Payagpur,1,0.00
16744,Baraith,1,0.00
19342,Senapati,1,0.00
17428,After,1,0.00
17942,look,1,0.00
16566,Correspondence,1,0.00
14755,Gangolihat,1,0.00
16456,Ikthara,1,0.00
16082,Dorwada,1,0.00
17793,"Bijoypur Maduri",1,0.00
10244,my,1,0.00
15707,"Hard Money",1,0.00
17315,"Nurpur Jharsa",1,0.00
16854,Dogeria,1,0.00
16269,Maholi,1,0.00
15901,"Kannayala Karanhat",1,0.00
17562,Ladawali,1,0.00
18698,Gilaula,1,0.00
866,terha,1,0.00
15527,"Sanda Faridpur",1,0.00
17054,Belkhedi,1,0.00
18059,Badlapur,1,0.00
16672,"Mangala Bandh",1,0.00
18355,Mansoorpur,1,0.00
12969,Blades,1,0.00
3855,Ratavirda,1,0.00
16008,Kailash,1,0.00
17703,Jeetnagar,1,0.00
9050,"Lehra Mohabbat",1,0.00
17223,Badora,1,0.00
18187,"Kasim Pur Maihari",1,0.00
16779,Chhaprauli,1,0.00
19419,Dibrugarh,1,0.00
15832,Rindal,1,0.00
17477,Harser,1,0.00
567,banua,1,0.00
15452,Loharu,1,0.00
16973,"Sikandarpur J.Kuluhagarha",1,0.00
17983,Gandher,1,0.00
16602,"Mawai Buzurg",1,0.00
15359,bald,1,0.00
6591,Job-1,1,0.00
16492,Dursa,1,0.00
16117,Lormi,1,0.00
17832,Ladpura,1,0.00
11581,Arthar,1,0.00
16210,Mahatpur,1,0.00
19444,"Jaitpur Kalan",1,0.00
17491,Phelsanda,1,0.00
613,Chanethi,1,0.00
17997,Kalimali,1,0.00
16613,nights,1,0.00
15383,Tiharipur,1,0.00
6942,"Nardoli Pukhta",1,0.00
16504,you,1,0.00
17846,Bagoura,1,0.00
15758,Keotiranwe,1,0.00
17386,"Barwa Kalan",1,0.00
16313,Majra,1,0.00
15951,"Lakhan Pur",1,0.00
17626,pariyar,1,0.00
18755,Lawngtlai,1,0.00
15577,"Sakhan Rajputan",1,0.00
17140,Bichhaura,1,0.00
18109,Muiyapar,1,0.00
18476,"Kherwali Paiwala",1,0.00
17911,Mohgaon,1,0.00
14179,"Graceful Fish",1,0.00
5468,Boruth,1,0.00
16056,"Kasba Dayal Pura",1,0.00
17765,Joriya,1,0.00
18895,Yadgir,1,0.00
15681,Daboh,1,0.00
17280,Khaniadhana,1,0.00
18287,"Badshahpur Pachgai",1,0.00
16831,Bairia,1,0.00
19527,सोनीपत,1,0.00
17535,"Chhapr Bibipur",1,0.00
744,"Banar Ali",1,0.00
15502,"Grantno 10",1,0.00
17022,Dhaulana,1,0.00
18034,Bankhedi,1,0.00
16651,"Samana Bahu",1,0.00
15418,Bhartiya,1,0.00
8289,"Rewa Basantpur North",1,0.00
16542,Nabinagar,1,0.00
16164,Maheshwar,1,0.00
15791,"Korauli Khurd",1,0.00
16353,Kuchaikote,1,0.00
17676,Badagaon,1,0.00
17195,Bithar,1,0.00
18148,cool,1,0.00
16756,Sikhrera,1,0.00
17446,Premavathipet,1,0.00
16948,Mudhalwadi,1,0.00
17956,"Sanoli Khurd",1,0.00
16578,Songgarh,1,0.00
14882,"Amroli Urf Baragoan",1,0.00
16468,Makdawan,1,0.00
17806,To,1,0.00
17335,Umrah,1,0.00
1530,"Bhautauli Bhagwan",1,0.00
16866,Akohari,1,0.00
16280,Lava,1,0.00
15913,amlaki,1,0.00
17579,die,1,0.00
15541,Jaliawas,1,0.00
17079,Bhitkuri,1,0.00
18071,Region,1,0.00
16684,Mandadi,1,0.00
182,Khadikasulabahali,1,0.00
17868,"Kharwa Kalan",1,0.00
13477,Tired,1,0.00
17718,Jhook,1,0.00
17237,Runkata,1,0.00
18200,madhogarh,1,0.00
1101,Kanai,1,0.00
17881,Hakimabad,1,0.00
13649,"Mimna Bad",1,0.00
16406,cult,1,0.00
16033,"Haidar Nagar",1,0.00
9301,Sarethi,1,0.00
15660,"Nevada Satan",1,0.00
17253,Jao,1,0.00
18216,Sarath,1,0.00
1152,Hameerpur,1,0.00
16222,"Kajal Heri",1,0.00
19479,Keonjhar,1,0.00
15855,Bagdongari,1,0.00
17506,Agra,1,0.00
644,Belaura,1,0.00
15478,"Bhatin Para",1,0.00
16997,Swamika,1,0.00
18009,Fadni,1,0.00
16628,Sarvepalli,1,0.00
15395,cliff,1,0.00
7219,"Dhauri Chak",1,0.00
16516,"Chowk Pura",1,0.00
15769,Narhaoli,1,0.00
16915,Sansarpur,1,0.00
16331,"Rampur Mazara Bhuria",1,0.00
15963,"Parewa Turrha",1,0.00
17644,Chainpura,1,0.00
18776,"Santa Barbara d&#39;Oeste",1,0.00
15589,"Kishun Das",1,0.00
17161,"Chauri Chaura",1,0.00
18124,"Haripur Bar Daita",1,0.00
16732,Devamau,1,0.00
17411,Ding,1,0.00
18498,"Pipar Gaon",1,0.00
16925,Jhabrera,1,0.00
17928,"Rupana Bishnoian",1,0.00
5613,Bisahda,1,0.00
16445,"come on",1,0.00
16071,Chakiya,1,0.00
17781,"Nankar Rani",1,0.00
18961,Mahottari,1,0.00
15694,Bagroda,1,0.00
18307,Gardai,1,0.00
16259,Kuberpur,1,0.00
15891,Agriculture,1,0.00
17547,"Pardi Parnera",1,0.00
17035,Kahrai,1,0.00
16662,Khalispur,1,0.00
16176,Jethpura,1,0.00
12816,Khedi,1,0.00
3554,Khuta,1,0.00
15997,"Pachokra Meharban Ali",1,0.00
17691,Deodha,1,0.00
18817,Pachama,1,0.00
15624,Naultha,1,0.00
18170,Sonepur,1,0.00
16769,wheels,1,0.00
16186,"Babrapur Mak",1,0.00
19392,Jagatsinghpur,1,0.00
15817,Multhan,1,0.00
16962,"Killod Mal",1,0.00
16590,Area,1,0.00
15245,"Hir Makriar",1,0.00
16480,"Balwa Gujran",1,0.00
16106,Dadar,1,0.00
17820,Pipodara,1,0.00
15734,Ranibari,1,0.00
17351,Allness,1,0.00
1965,"Tal Kandala",1,0.00
16878,"Wahid Pur",1,0.00
16291,Herod,1,0.00
17595,Nehla,1,0.00
940,"Bhoji Pura",1,0.00
17112,"Dakhawa Dehati",1,0.00
18087,"Dhakia Jatt",1,0.00
16695,"Shahpur Basudev",1,0.00
16118,Echwal,1,0.00
17834,Soap,1,0.00
11634,Bishrampur,1,0.00
15746,Amediah,1,0.00
17367,Mujhera,1,0.00
2155,Phardari,1,0.00
16891,"Fatehpur Khas",1,0.00
15937,Chhapri,1,0.00
17607,Madhepur,1,0.00
15565,Bibipur,1,0.00
17124,"Chalni Mata",1,0.00
18098,Dhanirwas,1,0.00
16708,Sighnapur,1,0.00
258,Chirkutia,1,0.00
17897,"Rudra Pur",1,0.00
14088,Balbhadarpur,1,0.00
5228,broken,1,0.00
16420,Raimalikpur,1,0.00
16046,Ankleshwar,1,0.00
17752,Khairipihira,1,0.00
18247,Rivara,1,0.00
1211,Kariyara,1,0.00
16819,Laxmibainagar,1,0.00
19503,"Bairia Block",1,0.00
15867,tile,1,0.00
717,Golpura,1,0.00
15491,"Chhuriya Kalan",1,0.00
17010,Mainath,1,0.00
18021,Partappur,1,0.00
16641,Asparagus,1,0.00
8079,Suwakheda,1,0.00
16530,Mohanapur,1,0.00
12297,Mahila,1,0.00
15780,Champapur,1,0.00
2977,Bhelkhedi,1,0.00
16343,"Sita Nagar",1,0.00
15974,Etmadpur,1,0.00
17660,multitude,1,0.00
18791,delivered,1,0.00
15601,okra,1,0.00
17183,Bhikampur,1,0.00
18136,"Khanika Kachar",1,0.00
16745,Kurseli,1,0.00
19343,Theni,1,0.00
17429,"Rampur Button",1,0.00
18524,"Karampur Chaudhary",1,0.00
17944,"Rami Rampur",1,0.00
16567,rudana,1,0.00
14758,Khitora,1,0.00
5708,Tapri,1,0.00
16457,Ghosali,1,0.00
16083,Genrua,1,0.00
17794,"Sharifpur Baagar Ahatmali",1,0.00
10258,Nawadih,1,0.00
15708,Abharajpur,1,0.00
17316,"Haripur Mirdaha",1,0.00
16855,Piper,1,0.00
16270,Ismailbad,1,0.00
15902,Pachri,1,0.00
17563,Kathwada,1,0.00
867,"Kuklya Khedi",1,0.00
15529,fart,1,0.00
18060,Syrians,1,0.00
16673,Empire,1,0.00
8967,"You will be married",1,0.00
3856,Kotmi,1,0.00
16382,chipon,1,0.00
16010,"Alampur Piparia",1,0.00
17704,Khajuriya,1,0.00
9057,Kahalgaon,1,0.00
15635,Domaidih,1,0.00
17225,Bishunpur,1,0.00
18188,Bikramganj,1,0.00
1027,Jalley,1,0.00
16780,Rodiya,1,0.00
16199,"Landmark 0001 Suzabad 0009",1,0.00
17479,"Jaikistopur Urf Narainkhol",1,0.00
18592,darwajaAuraiya,1,0.00
15453,Dhakrai,1,0.00
16974,Kotma,1,0.00
17985,"Shah Dewait",1,0.00
16603,Sarkhari,1,0.00
15362,Baburi,1,0.00
87,mark,1,0.00
16493,Pusalata,1,0.00
16211,Karimpur,1,0.00
17492,What,1,0.00
614,Kharar,1,0.00
16985,Kim,1,0.00
17999,"Balawas Ahir",1,0.00
15384,Amleshwar,1,0.00
6960,"At this point",1,0.00
16505,Knocked,1,0.00
17848,"Madyan Tulsi",1,0.00
11739,"Karsa Chaur",1,0.00
15759,"Maruti Kunj",1,0.00
17387,Sivasagar,1,0.00
15952,Tamar,1,0.00
17627,"Gau Khedi",1,0.00
15578,"Banka Mukasa",1,0.00
17142,Ghosi,1,0.00
18111,Singpura,1,0.00
16721,Mahmudabad,1,0.00
19280,Tirunelveli,1,0.00
304,Banjora,1,0.00
17912,"Ashlatnagar Jarai",1,0.00
5487,Soyla,1,0.00
16432,marble,1,0.00
17767,Hathga,1,0.00
18898,Dantewada,1,0.00
9810,"Indra Nagar",1,0.00
16832,Yeoli,1,0.00
16248,"Kal Khedi",1,0.00
19529,Nirmal,1,0.00
15880,Bidhnoi,1,0.00
17536,sounded,1,0.00
18662,raw,1,0.00
15503,"Sitalpur Marauri",1,0.00
17023,"Samalkharural Part",1,0.00
18035,Gosainganj,1,0.00
16543,Dungla,1,0.00
16165,Sandharsi,1,0.00
12528,Podiya,1,0.00
16354,Dasa,1,0.00
15985,"If not",1,0.00
15614,Khararwal,1,0.00
17196,Khanavale,1,0.00
18150,"Macha Manpur",1,0.00
17448,Nepalpur,1,0.00
474,Nidhria,1,0.00
17957,Shyampur,1,0.00
16579,"Seoni Malwa",1,0.00
14891,Bangarmau,1,0.00
16469,confusion,1,0.00
16094,Phulparas,1,0.00
17807,Harnaut,1,0.00
10471,"Nand Nama",1,0.00
15721,Hasanganj,1,0.00
17336,Mohani,1,0.00
16867,Chatnipur,1,0.00
907,"Nijampur Kasaun",1,0.00
17083,Puramana,1,0.00
18072,Hulasnagar,1,0.00
16685,"Mardan Pur",1,0.00
183,Bellampalle,1,0.00
17869,Ulhasnagar,1,0.00
13483,Bistauli,1,0.00
4423,"Lohari Ragho",1,0.00
16395,"Naharpur Kasan",1,0.00
17719,"Special Bakanda",1,0.00
9178,Pinargaria,1,0.00
17238,"Gondi Guradia",1,0.00
18202,"Jagat Nagar Ahat Mali",1,0.00
1112,Kothila,1,0.00
